Occupational Title,SOC,Estimated Employment,Entry Hourly,Mean Hourly,Experienced Hourly,Entry Annual,Mean Annual,Experienced Annual
Total all occupations,00-0000,260190.00,$15.04,$34.78,$44.65,$31291,$72342,$92868
Management Occupations,11-0000,15730.00,$35.32,$68.44,$85.00,$73467,$142351,$176793
Top Executives,11-1000,4240.00,$35.11,$77.21,$98.27,$73016,$160608,$204404
Chief Executives,11-1011,90.00,$63.46,$108.52,$131.05,$131996,$225720,$272582
General and Operations Managers,11-1021,4090.00,$35.88,$77.30,$98.00,$74645,$160785,$203856
Legislators,11-1031,60.00,,,,$23010,$42718,$52573
"Advertising, Marketing, Promotions, Public Relations, and Sales Managers",11-2000,880.00,$39.90,$72.75,$89.18,$82985,$151330,$185502
Marketing Managers,11-2021,210.00,$38.00,$69.94,$85.91,$79033,$145474,$178695
Sales Managers,11-2022,610.00,$41.18,$74.70,$91.46,$85662,$155374,$190230
Public Relations Managers,11-2032,40.00,$36.01,$66.39,$81.59,$74894,$138105,$169711
Fundraising Managers,11-2033,20.00,$37.64,$54.54,$62.99,$78289,$113442,$131019
Operations Specialties Managers,11-3000,4330.00,$47.16,$73.99,$87.41,$98078,$153893,$181801
Administrative Services Managers,11-3012,120.00,$20.15,$50.08,$65.06,$41903,$104173,$135307
Facilities Managers,11-3013,160.00,$43.04,$63.16,$73.22,$89526,$131367,$152287
Computer and Information Systems Managers,11-3021,1800.00,$50.43,$77.71,$91.35,$104901,$161629,$189993
Financial Managers,11-3031,750.00,$51.86,$81.76,$96.71,$107874,$170066,$201162
Industrial Production Managers,11-3051,440.00,$46.30,$70.72,$82.94,$96287,$147093,$172496
Purchasing Managers,11-3061,490.00,$53.52,$72.03,$81.28,$111332,$149808,$169046
"Transportation, Storage, and Distribution Managers",11-3071,220.00,$39.06,$58.42,$68.09,$81240,$121511,$141646
Human Resources Managers,11-3121,330.00,$44.12,$68.81,$81.16,$91775,$143134,$168813
Training and Development Managers,11-3131,20.00,$41.46,$60.56,$70.11,$86232,$125964,$145830
Other Management Occupations,11-9000,6280.00,$30.53,$58.09,$71.87,$63512,$120823,$149479
Construction Managers,11-9021,720.00,$32.00,$53.54,$64.31,$66559,$111367,$133771
"Education and Childcare Administrators, Preschool and Daycare",11-9031,90.00,$16.71,$23.48,$26.86,$34754,$48830,$55868
"Education Administrators, Kindergarten through Secondary",11-9032,310.00,,,,$79776,$101499,$112362
"Education Administrators, Postsecondary",11-9033,360.00,$35.16,$61.88,$75.25,$73117,$128714,$156513
"Education Administrators, All Other",11-9039,,$23.38,$41.04,$49.87,$48617,$85364,$103738
Architectural and Engineering Managers,11-9041,1560.00,$59.47,$84.03,$96.32,$123696,$174802,$200355
Food Service Managers,11-9051,620.00,$25.25,$33.62,$37.81,$52533,$69939,$78642
Lodging Managers,11-9081,40.00,$27.15,$39.60,$45.81,$56476,$82351,$95287
Medical and Health Services Managers,11-9111,900.00,$35.71,$51.09,$58.78,$74270,$106262,$122258
Natural Sciences Managers,11-9121,90.00,$43.89,$64.36,$74.60,$91291,$133878,$155171
Postmasters and Mail Superintendents,11-9131,10.00,$41.86,$47.93,$50.97,$87069,$99710,$106030
"Property, Real Estate, and Community Association Managers",11-9141,410.00,$20.47,$31.58,$37.13,$42588,$65683,$77231
Social and Community Service Managers,11-9151,170.00,$24.18,$36.67,$42.91,$50302,$76280,$89269
Emergency Management Directors,11-9161,10.00,$28.52,$45.44,$53.90,$59330,$94519,$112112
Funeral Home Managers,11-9171,40.00,$24.44,$38.83,$46.02,$50850,$80758,$95711
"Managers, All Other",11-9199,570.00,$55.67,$77.44,$88.32,$115804,$161064,$183694
Business and Financial Operations Occupations,13-0000,20940.00,$29.04,$50.28,$60.89,$60409,$104569,$126650
Business Operations Specialists,13-1000,15530.00,$30.26,$51.61,$62.28,$62953,$107338,$129531
Buyers and Purchasing Agents,13-1020,2630.00,$29.13,$48.00,$57.43,$60597,$99839,$119461
"Claims Adjusters, Examiners, and Investigators",13-1031,120.00,$23.85,$36.13,$42.28,$49611,$75164,$87939
Compliance Officers,13-1041,410.00,$25.11,$42.47,$51.15,$52215,$88331,$106389
Cost Estimators,13-1051,290.00,$26.48,$42.12,$49.93,$55079,$87591,$103846
Human Resources Specialists,13-1071,1560.00,$24.65,$40.94,$49.10,$51276,$85171,$102119
Logisticians,13-1081,3050.00,$38.04,$54.81,$63.19,$79130,$113995,$131426
Project Management Specialists,13-1082,700.00,$38.94,$61.53,$72.83,$80991,$127991,$151490
Management Analysts,13-1111,1800.00,$41.35,$60.08,$69.44,$86007,$124963,$144442
"Meeting, Convention, and Event Planners",13-1121,120.00,$18.43,$27.10,$31.43,$38324,$56363,$65383
Fundraisers,13-1131,100.00,$19.74,$29.98,$35.11,$41055,$62368,$73025
"Compensation, Benefits, and Job Analysis Specialists",13-1141,60.00,$28.08,$39.84,$45.72,$58418,$82881,$95111
Training and Development Specialists,13-1151,530.00,$23.43,$39.08,$46.90,$48724,$81272,$97547
Market Research Analysts and Marketing Specialists,13-1161,1010.00,$19.76,$36.75,$45.26,$41083,$76454,$94140
"Business Operations Specialists, All Other",13-1199,3130.00,$41.02,$61.30,$71.44,$85314,$127503,$148597
Financial Specialists,13-2000,5410.00,$26.55,$46.45,$56.40,$55232,$96615,$117307
Accountants and Auditors,13-2011,3100.00,$26.94,$42.58,$50.40,$56032,$88572,$104842
Property Appraisers and Assessors,13-2020,50.00,$17.53,$31.53,$38.54,$36452,$65584,$80150
Budget Analysts,13-2031,580.00,$39.12,$55.61,$63.85,$81368,$115669,$132818
Credit Analysts,13-2041,10.00,$29.96,$45.62,$53.46,$62314,$94897,$111190
Financial and Investment Analysts,13-2051,640.00,$36.73,$57.15,$67.36,$76402,$118874,$140109
Personal Financial Advisors,13-2052,210.00,$22.96,$71.16,$95.27,$47761,$148021,$198150
Financial Examiners,13-2061,10.00,$35.55,$50.31,$57.68,$73938,$104633,$119981
Credit Counselors,13-2071,,$20.26,$23.95,$25.78,$42147,$49804,$53632
Loan Officers,13-2072,420.00,$22.41,$40.75,$49.91,$46621,$84757,$103825
"Tax Examiners and Collectors, and Revenue Agents",13-2081,90.00,$22.21,$31.33,$35.88,$46196,$65161,$74643
"Financial Specialists, All Other",13-2099,200.00,$27.45,$52.10,$64.42,$57099,$108368,$134003
Computer and Mathematical Occupations,15-0000,19700.00,$34.22,$57.99,$69.87,$71178,$120613,$145329
Computer Occupations,15-1200,18700.00,$33.91,$57.92,$69.91,$70539,$120466,$145430
Computer Systems Analysts,15-1211,3010.00,$40.61,$62.30,$73.15,$84472,$129597,$152158
Information Security Analysts,15-1212,1570.00,$39.34,$61.68,$72.84,$81826,$128278,$151503
Computer and Information Research Scientists,15-1221,490.00,$33.69,$54.72,$65.23,$70079,$113826,$135698
Computer Network Support Specialists,15-1231,260.00,$22.46,$33.99,$39.75,$46721,$70701,$82691
Computer User Support Specialists,15-1232,1290.00,$18.60,$26.30,$30.14,$38705,$54696,$62692
Computer Network Architects,15-1241,1390.00,$44.40,$67.93,$79.69,$92359,$141289,$165754
Database Administrators,15-1242,260.00,$33.94,$50.14,$58.23,$70602,$104280,$121119
Database Architects,15-1243,110.00,$41.20,$61.32,$71.38,$85695,$127548,$148475
Network and Computer Systems Administrators,15-1244,1200.00,$33.71,$50.38,$58.71,$70127,$104795,$122128
Computer Programmers,15-1251,270.00,$35.24,$54.69,$64.42,$73294,$113761,$133994
Software Developers,15-1252,7010.00,$39.26,$62.38,$73.95,$81667,$129753,$153796
Software Quality Assurance Analysts and Testers,15-1253,880.00,$39.46,$56.71,$65.33,$82081,$117958,$135895
Web Developers,15-1254,120.00,$25.57,$36.77,$42.37,$53171,$76472,$88121
Web and Digital Interface Designers,15-1255,,$18.12,$31.70,$38.49,$37706,$65932,$80046
"Computer Occupations, All Other",15-1299,820.00,$35.76,$57.36,$68.16,$74383,$119311,$141774
Mathematical Science Occupations,15-2000,1000.00,$40.84,$59.31,$68.54,$84945,$123356,$142561
Mathematicians,15-2021,20.00,,,,,,
Operations Research Analysts,15-2031,330.00,$44.00,$65.55,$76.33,$91515,$136350,$158767
Statisticians,15-2041,20.00,$33.78,$49.95,$58.02,$70279,$103887,$120690
Data Scientists,15-2051,630.00,$39.93,$56.17,$64.28,$83049,$116822,$133708
Architecture and Engineering Occupations,17-0000,20060.00,$36.71,$61.80,$74.35,$76358,$128553,$154650
"Architects, Surveyors, and Cartographers",17-1000,410.00,$26.71,$43.62,$52.06,$55561,$90712,$108287
"Architects, Except Landscape and Naval",17-1011,180.00,$34.28,$52.51,$61.63,$71306,$109238,$128203
Cartographers and Photogrammetrists,17-1021,10.00,$20.86,$32.29,$38.00,$43370,$67159,$79054
Surveyors,17-1022,190.00,$23.72,$36.64,$43.10,$49356,$76227,$89662
Engineers,17-2000,17220.00,$42.38,$66.06,$77.90,$88142,$137403,$162033
Aerospace Engineers,17-2011,4580.00,$46.21,$71.04,$83.45,$96115,$147762,$173587
Chemical Engineers,17-2041,80.00,$38.49,$52.32,$59.23,$80060,$108810,$123185
Civil Engineers,17-2051,1250.00,$36.44,$56.91,$67.14,$75804,$118370,$139654
Computer Hardware Engineers,17-2061,650.00,$45.45,$68.16,$79.52,$94542,$141770,$165383
Electrical Engineers,17-2071,2240.00,$43.33,$66.56,$78.19,$90129,$138465,$162633
"Electronics Engineers, Except Computer",17-2072,790.00,$45.81,$68.03,$79.14,$95300,$141512,$164618
Environmental Engineers,17-2081,90.00,$39.12,$56.92,$65.82,$81389,$118400,$136906
"Health and Safety Engineers, Except Mining Safety Engineers and Inspectors",17-2111,180.00,$45.68,$62.05,$70.24,$95019,$129069,$146094
Industrial Engineers,17-2112,1790.00,$38.96,$57.06,$66.10,$81025,$118675,$137500
Materials Engineers,17-2131,330.00,$44.91,$62.08,$70.67,$93425,$129133,$146988
Mechanical Engineers,17-2141,2020.00,$39.30,$57.75,$66.96,$81751,$120109,$139288
"Engineers, All Other",17-2199,3120.00,$47.70,$72.95,$85.58,$99207,$151741,$178007
"Drafters, Engineering Technicians, and Mapping Technicians",17-3000,2440.00,$22.32,$34.83,$41.09,$46422,$72449,$85463
Architectural and Civil Drafters,17-3011,240.00,$22.32,$29.13,$32.53,$46418,$60583,$67666
Electrical and Electronics Drafters,17-3012,70.00,$20.21,$32.95,$39.31,$42024,$68522,$81771
Mechanical Drafters,17-3013,130.00,$21.89,$36.68,$44.08,$45527,$76294,$91678
Aerospace Engineering and Operations Technologists and Technicians,17-3021,130.00,$26.25,$37.11,$42.55,$54602,$77207,$88510
Civil Engineering Technologists and Technicians,17-3022,180.00,$16.92,$26.42,$31.18,$35183,$54961,$64852
Electrical and Electronic Engineering Technologists and Technicians,17-3023,870.00,$25.44,$37.15,$43.00,$52911,$77259,$89433
Electro-Mechanical and Mechatronics Technologists and Technicians,17-3024,20.00,$30.29,$41.62,$47.28,$63008,$86563,$98340
Environmental Engineering Technologists and Technicians,17-3025,,$23.26,$34.16,$39.62,$48394,$71063,$82399
Industrial Engineering Technologists and Technicians,17-3026,110.00,$23.34,$31.96,$36.28,$48543,$66491,$75466
Mechanical Engineering Technologists and Technicians,17-3027,120.00,$22.80,$35.58,$41.96,$47421,$73996,$87284
"Engineering Technologists and Technicians, Except Drafters, All Other",17-3029,250.00,$31.04,$46.53,$54.27,$64566,$96785,$112894
Surveying and Mapping Technicians,17-3031,210.00,$18.98,$24.06,$26.59,$39470,$50032,$55314
"Life, Physical, and Social Science Occupations",19-0000,2240.00,$25.96,$47.89,$58.85,$54002,$99603,$122403
Life Scientists,19-1000,500.00,$26.67,$44.23,$53.02,$55468,$92003,$110271
Biochemists and Biophysicists,19-1021,20.00,$28.07,$49.43,$60.09,$58388,$102796,$125000
Zoologists and Wildlife Biologists,19-1023,,$24.23,$31.95,$35.82,$50388,$66461,$74497
"Biological Scientists, All Other",19-1029,60.00,$26.08,$39.90,$46.80,$54253,$82983,$97349
"Medical Scientists, Except Epidemiologists",19-1042,330.00,$27.57,$46.97,$56.67,$57333,$97688,$117866
Physical Scientists,19-2000,780.00,$32.54,$58.61,$71.64,$67682,$121904,$149014
Physicists,19-2012,250.00,$41.99,$67.43,$80.15,$87342,$140258,$166715
Atmospheric and Space Scientists,19-2021,160.00,$24.73,$43.27,$52.55,$51432,$90009,$109297
Chemists,19-2031,120.00,$44.09,$65.75,$76.57,$91706,$136745,$159266
"Environmental Scientists and Specialists, Including Health",19-2041,110.00,$26.27,$42.80,$51.07,$54629,$89022,$106218
"Geoscientists, Except Hydrologists and Geographers",19-2042,30.00,$28.94,$46.19,$54.82,$60189,$96073,$114014
"Physical Scientists, All Other",19-2099,70.00,$52.00,$74.51,$85.77,$108170,$154981,$178385
Social Scientists and Related Workers,19-3000,400.00,$30.12,$49.03,$58.47,$62661,$101972,$121628
Clinical and Counseling Psychologists,19-3033,40.00,$31.04,$56.83,$69.72,$64564,$118194,$145008
School Psychologists,19-3034,,$36.27,$37.52,$38.15,$75428,$78051,$79362
Urban and Regional Planners,19-3051,50.00,$30.39,$45.73,$53.40,$63222,$95127,$111081
"Life, Physical, and Social Science Technicians",19-4000,280.00,$18.65,$26.20,$29.99,$38781,$54512,$62379
Biological Technicians,19-4021,,$17.89,$22.96,$25.49,$37208,$47753,$53027
Chemical Technicians,19-4031,80.00,$18.86,$25.52,$28.86,$39215,$53092,$60031
"Environmental Science and Protection Technicians, Including Health",19-4042,60.00,$17.80,$24.41,$27.72,$37017,$50781,$57664
Forensic Science Technicians,19-4092,30.00,$21.02,$34.21,$40.80,$43729,$71159,$84872
"Life, Physical, and Social Science Technicians, All Other",19-4099,30.00,$20.70,$30.27,$35.05,$43062,$62965,$72917
Occupational Health and Safety Specialists and Technicians,19-5000,280.00,$27.46,$44.18,$52.55,$57111,$91894,$109286
Occupational Health and Safety Specialists,19-5011,240.00,$29.03,$45.73,$54.09,$60385,$95127,$112499
Occupational Health and Safety Technicians,19-5012,30.00,$23.89,$32.56,$36.89,$49695,$67719,$76731
Community and Social Service Occupations,21-0000,1970.00,$18.35,$27.47,$32.03,$38174,$57136,$66617
"Counselors, Social Workers, and Other Community and Social Service Specialists",21-1000,1900.00,$18.27,$27.41,$31.98,$37989,$57016,$66531
"Educational, Guidance, and Career Counselors and Advisors",21-1012,460.00,$21.05,$30.50,$35.22,$43796,$63432,$73251
Rehabilitation Counselors,21-1015,30.00,$19.11,$28.61,$33.37,$39752,$59516,$69397
"Substance abuse, behavioral disorder, and mental health counselors",21-1018,250.00,$19.52,$27.01,$30.76,$40593,$56182,$63976
"Child, Family, and School Social Workers",21-1021,480.00,$19.18,$25.32,$28.38,$39903,$52652,$59027
Healthcare Social Workers,21-1022,190.00,$23.13,$30.25,$33.82,$48097,$62918,$70328
Health Education Specialists,21-1091,70.00,$24.32,$36.41,$42.45,$50577,$75731,$88306
Probation Officers and Correctional Treatment Specialists,21-1092,110.00,$19.02,$27.86,$32.28,$39565,$57951,$67145
Social and Human Service Assistants,21-1093,230.00,$12.96,$17.47,$19.73,$26969,$36355,$41049
Religious Workers,21-2000,60.00,$21.91,$29.18,$32.81,$45574,$60694,$68253
Clergy,21-2011,40.00,$22.01,$29.28,$32.93,$45779,$60914,$68483
"Directors, Religious Activities and Education",21-2021,20.00,$22.07,$28.97,$32.42,$45909,$60257,$67430
Legal Occupations,23-0000,1180.00,$19.65,$48.82,$63.39,$40884,$101539,$131867
"Lawyers, Judges, and Related Workers",23-1000,600.00,$36.07,$71.89,$89.81,$75013,$149538,$186801
Lawyers,23-1011,570.00,$38.00,$73.11,$90.65,$79047,$152054,$188558
"Judges, Magistrate Judges, and Magistrates",23-1023,30.00,$22.44,$51.80,$66.49,$46657,$107750,$138297
Legal Support Workers,23-2000,580.00,$16.55,$24.74,$28.82,$34430,$51450,$59959
Paralegals and Legal Assistants,23-2011,500.00,$16.33,$23.68,$27.36,$33975,$49263,$56908
"Title Examiners, Abstractors, and Searchers",23-2093,70.00,$21.23,$26.33,$28.89,$44168,$54778,$60083
Educational Instruction and Library Occupations,25-0000,10820.00,$12.81,$26.45,$33.27,$26648,$55013,$69196
Postsecondary Teachers,25-1000,1730.00,,,,$50285,$78160,$92097
"Business Teachers, Postsecondary",25-1011,170.00,,,,$37629,$84314,$107656
"Computer Science Teachers, Postsecondary",25-1021,70.00,,,,$59362,$100126,$120508
"Mathematical Science Teachers, Postsecondary",25-1022,160.00,,,,$50386,$67987,$76787
"Biological Science Teachers, Postsecondary",25-1042,100.00,,,,$60401,$78787,$87980
"Chemistry Teachers, Postsecondary",25-1052,20.00,,,,$69891,$84833,$92305
"Physics Teachers, Postsecondary",25-1054,30.00,,,,$77653,$98484,$108900
"Economics Teachers, Postsecondary",25-1063,10.00,,,,$58033,$108668,$133987
"Psychology Teachers, Postsecondary",25-1066,40.00,,,,$61575,$78815,$87435
"Sociology Teachers, Postsecondary",25-1067,30.00,,,,$48747,$62764,$69773
"Health Specialties Teachers, Postsecondary",25-1071,50.00,,,,$56491,$105939,$130664
"Nursing Instructors and Teachers, Postsecondary",25-1072,120.00,,,,$68758,$81920,$88501
"Education Teachers, Postsecondary",25-1081,150.00,,,,$46755,$66727,$76713
"Social Work Teachers, Postsecondary",25-1113,40.00,,,,$56273,$71263,$78758
"Art, Drama, and Music Teachers, Postsecondary",25-1121,110.00,,,,$50862,$66980,$75040
"Communications Teachers, Postsecondary",25-1122,20.00,,,,$46661,$56614,$61592
"English Language and Literature Teachers, Postsecondary",25-1123,160.00,,,,$51144,$66657,$74414
"History Teachers, Postsecondary",25-1125,40.00,,,,$44598,$58830,$65947
"Philosophy and Religion Teachers, Postsecondary",25-1126,20.00,,,,$46922,$61726,$69128
"Career/Technical Education Teachers, Postsecondary",25-1194,140.00,$22.03,$30.33,$34.49,$45827,$63094,$71728
"Postsecondary Teachers, All Other",25-1199,20.00,,,,$49469,$69960,$80205
"Preschool, Elementary, Middle, Secondary, and Special Education Teachers",25-2000,5110.00,,,,$42646,$60122,$68860
"Preschool Teachers, Except Special Education",25-2011,560.00,$11.88,$15.21,$16.87,$24716,$31632,$35090
"Elementary School Teachers, Except Special Education",25-2021,1550.00,,,,$47768,$61238,$67973
"Middle School Teachers, Except Special and Career/Technical Education",25-2022,980.00,,,,$53802,$64487,$69831
"Career/Technical Education Teachers, Middle School",25-2023,90.00,,,,$39514,$56823,$65478
"Secondary School Teachers, Except Special and Career/Technical Education",25-2031,1570.00,,,,$53883,$65952,$71987
"Special Education Teachers, Kindergarten and Elementary School",25-2052,100.00,,,,$49705,$61734,$67749
"Special Education Teachers, Secondary School",25-2058,120.00,,,,$53581,$64928,$70602
Other Teachers and Instructors,25-3000,1550.00,$10.04,$17.59,$21.37,$20894,$36594,$44444
"Adult Basic Education, Adult Secondary Education, and English as a Second Language Instructors",25-3011,60.00,$17.36,$20.83,$22.56,$36113,$43328,$46935
Self-Enrichment Teachers,25-3021,370.00,$14.05,$22.80,$27.18,$29229,$47432,$56534
"Substitute Teachers, Short-Term",25-3031,,$9.36,$11.53,$12.61,$19471,$23969,$26218
Tutors,25-3041,120.00,$14.74,$20.31,$23.10,$30671,$42253,$48043
"Teachers and Instructors, All Other",25-3099,130.00,,,,$48581,$81561,$98050
"Librarians, Curators, and Archivists",25-4000,700.00,$20.51,$29.69,$34.28,$42659,$61752,$71298
Curators,25-4012,20.00,$19.04,$28.07,$32.57,$39612,$58372,$67752
Librarians and Media Collections Specialists,25-4022,,$26.64,$32.11,$34.84,$55426,$66795,$72479
Library Technicians,25-4031,30.00,$15.39,$17.98,$19.27,$32012,$37397,$40090
Other Educational Instruction and Library Occupations,25-9000,1720.00,,,,$18778,$30477,$36326
Farm and Home Management Educators,25-9021,60.00,$23.49,$32.93,$37.65,$48867,$68491,$78303
Instructional Coordinators,25-9031,170.00,$22.47,$33.16,$38.51,$46731,$68967,$80085
"Teaching Assistants, Postsecondary",25-9044,580.00,,,,$18623,$21236,$22543
"Teaching Assistants, Except Postsecondary",25-9045,890.00,,,,$21540,$25610,$27646
"Arts, Design, Entertainment, Sports, and Media Occupations",27-0000,2530.00,$16.26,$32.28,$40.29,$33812,$67131,$83790
Art and Design Workers,27-1000,790.00,$16.19,$27.44,$33.07,$33662,$57086,$68798
Commercial and Industrial Designers,27-1021,10.00,$32.32,$38.66,$41.85,$67216,$80428,$87034
Floral Designers,27-1023,60.00,$12.49,$17.30,$19.70,$25974,$35975,$40975
Graphic Designers,27-1024,260.00,$18.66,$31.61,$38.09,$38811,$65749,$79218
Interior Designers,27-1025,80.00,$22.35,$37.76,$45.47,$46483,$78545,$94576
Merchandise Displayers and Window Trimmers,27-1026,310.00,$15.62,$20.60,$23.10,$32486,$42857,$48042
"Entertainers and Performers, Sports and Related Workers",27-2000,550.00,$13.84,$29.44,$37.24,$28799,$61237,$77456
Producers and Directors,27-2012,140.00,$21.65,$35.89,$43.02,$45024,$74654,$89471
Coaches and Scouts,27-2022,270.00,,,,$24913,$48317,$60019
Media and Communication Workers,27-3000,940.00,$22.34,$39.54,$48.14,$46474,$82248,$100135
Broadcast Announcers and Radio Disc Jockeys,27-3011,50.00,$12.39,$24.84,$31.08,$25751,$51680,$64645
Public Relations Specialists,27-3031,310.00,$24.37,$40.81,$49.04,$50689,$84889,$101990
Editors,27-3041,40.00,$15.91,$34.25,$43.41,$33101,$71227,$90288
Technical Writers,27-3042,380.00,$32.13,$44.97,$51.38,$66840,$93530,$106875
Writers and Authors,27-3043,30.00,$20.05,$38.30,$47.42,$41707,$79652,$98625
Interpreters and Translators,27-3091,30.00,$12.36,$21.99,$26.79,$25712,$45725,$55731
Court Reporters and Simultaneous Captioners,27-3092,10.00,$25.32,$34.66,$39.33,$52650,$72097,$81820
Media and Communication Equipment Workers,27-4000,250.00,$13.73,$26.40,$32.75,$28543,$54930,$68122
Audio and Video Technicians,27-4011,80.00,$12.05,$22.98,$28.45,$25074,$47808,$59173
Broadcast Technicians,27-4012,30.00,$16.74,$25.70,$30.18,$34812,$53460,$62785
Photographers,27-4021,90.00,$13.53,$21.11,$24.89,$28136,$43893,$51772
"Camera Operators, Television, Video, and Film",27-4031,20.00,$21.14,$25.41,$27.55,$43959,$52853,$57299
Film and Video Editors,27-4032,20.00,$17.62,$31.41,$38.30,$36643,$65326,$79668
Healthcare Practitioners and Technical Occupations,29-0000,16510.00,$21.46,$42.74,$53.37,$44644,$88893,$111018
Healthcare Diagnosing or Treating Practitioners,29-1000,10850.00,$28.76,$52.22,$63.95,$59820,$108614,$133011
Chiropractors,29-1011,80.00,$23.91,$44.84,$55.30,$49747,$93260,$115016
Dietitians and Nutritionists,29-1031,100.00,$23.21,$33.42,$38.52,$48283,$69505,$80116
Optometrists,29-1041,50.00,$37.17,$64.23,$77.77,$77300,$133608,$161762
Pharmacists,29-1051,610.00,$46.60,$64.64,$73.66,$96920,$134456,$153224
Physician Assistants,29-1071,60.00,$48.80,$61.24,$67.44,$101504,$127362,$140289
Occupational Therapists,29-1122,120.00,$38.14,$47.98,$52.90,$79330,$99800,$110035
Physical Therapists,29-1123,290.00,$35.12,$49.42,$56.57,$73057,$102792,$117660
Recreational Therapists,29-1125,20.00,$25.11,$29.44,$31.61,$52228,$61243,$65751
Respiratory Therapists,29-1126,260.00,$24.76,$33.49,$37.87,$51493,$69670,$78758
Speech-Language Pathologists,29-1127,220.00,$29.58,$39.20,$44.00,$61514,$81528,$91534
Veterinarians,29-1131,150.00,$37.50,$55.37,$64.30,$78006,$115167,$133748
Registered Nurses,29-1141,6590.00,$27.59,$36.87,$41.52,$57383,$76705,$86366
Nurse Anesthetists,29-1151,210.00,$92.18,$103.75,$109.53,$191748,$215802,$227829
Nurse Practitioners,29-1171,720.00,$47.35,$55.45,$59.50,$98485,$115326,$123747
Audiologists,29-1181,20.00,,,,,,
Family Medicine Physicians,29-1215,,$83.99,$102.19,$111.30,$174690,$212568,$231507
"Physicians, All Other",29-1229,440.00,$85.43,$147.03,$177.83,$177702,$305827,$369889
"Ophthalmologists, Except Pediatric",29-1241,,$91.36,$105.54,$112.63,$190014,$219522,$234276
Dental Hygienists,29-1292,290.00,$24.78,$30.14,$32.82,$51539,$62692,$68268
Health Technologists and Technicians,29-2000,5490.00,$16.65,$24.49,$28.40,$34635,$50936,$59086
Clinical Laboratory Technologists and Technicians,29-2010,650.00,$16.71,$25.77,$30.30,$34756,$53596,$63017
Cardiovascular Technologists and Technicians,29-2031,220.00,$15.27,$26.81,$32.58,$31772,$55771,$67770
Diagnostic Medical Sonographers,29-2032,120.00,$28.37,$35.05,$38.40,$59014,$72917,$79869
Nuclear Medicine Technologists,29-2033,50.00,$31.74,$38.93,$42.51,$66034,$80959,$88421
Radiologic Technologists and Technicians,29-2034,450.00,$19.08,$29.05,$34.05,$39676,$60435,$70814
Magnetic Resonance Imaging Technologists,29-2035,90.00,$28.54,$35.89,$39.56,$59357,$74643,$82286
Pharmacy Technicians,29-2052,910.00,$16.95,$20.69,$22.56,$35252,$43030,$46920
Psychiatric Technicians,29-2053,260.00,$16.07,$18.64,$19.91,$33429,$38760,$41425
Surgical Technologists,29-2055,420.00,$17.77,$26.04,$30.18,$36951,$54165,$62770
Veterinary Technologists and Technicians,29-2056,310.00,$14.05,$17.35,$19.00,$29228,$36093,$39526
Ophthalmic Medical Technicians,29-2057,200.00,$16.49,$20.01,$21.77,$34304,$41614,$45269
Licensed Practical and Licensed Vocational Nurses,29-2061,950.00,$20.00,$27.18,$30.77,$41599,$56529,$63994
Medical Records Specialists,29-2072,400.00,$16.44,$22.90,$26.12,$34191,$47618,$54331
"Opticians, Dispensing",29-2081,100.00,$16.08,$20.67,$22.95,$33454,$42979,$47743
Other Healthcare Practitioners and Technical Occupations,29-9000,160.00,$18.76,$26.13,$29.83,$39031,$54365,$62031
Athletic Trainers,29-9091,60.00,,,,$41009,$54350,$61021
Surgical Assistants,29-9093,70.00,$17.24,$22.25,$24.75,$35860,$46274,$51481
"Healthcare Practitioners and Technical Workers, All Other",29-9099,,$24.08,$35.30,$40.91,$50093,$73439,$85111
Healthcare Support Occupations,31-0000,8160.00,$13.17,$17.45,$19.59,$27405,$36301,$40749
"Home Health and Personal Care Aides; and Nursing Assistants, Orderlies, and Psychiatric Aides",31-1100,4730.00,$12.38,$15.76,$17.47,$25751,$32800,$36325
Home Health and Personal Care Aides,31-1120,2000.00,$11.50,$13.95,$15.17,$23919,$29011,$31558
Nursing Assistants,31-1131,2590.00,$13.88,$17.05,$18.64,$28872,$35463,$38760
Occupational Therapy and Physical Therapist Assistants and Aides,31-2000,330.00,$15.74,$28.39,$34.72,$32753,$59056,$72208
Occupational Therapy Assistants,31-2011,40.00,$27.82,$33.47,$36.31,$57854,$69629,$75515
Physical Therapist Assistants,31-2021,220.00,$26.24,$33.16,$36.62,$54578,$68975,$76174
Physical Therapist Aides,31-2022,80.00,$10.65,$13.12,$14.36,$22156,$27299,$29871
Other Healthcare Support Occupations,31-9000,3100.00,$15.27,$18.85,$20.63,$31771,$39197,$42909
Dental Assistants,31-9091,520.00,$15.97,$20.78,$23.18,$33225,$43219,$48215
Medical Assistants,31-9092,1750.00,$15.51,$18.23,$19.59,$32271,$37925,$40752
Medical Equipment Preparers,31-9093,60.00,$15.93,$18.98,$20.51,$33140,$39491,$42666
Medical Transcriptionists,31-9094,70.00,$14.38,$19.67,$22.32,$29923,$40928,$46430
Pharmacy Aides,31-9095,80.00,$16.45,$18.04,$18.84,$34217,$37522,$39175
Veterinary Assistants and Laboratory Animal Caretakers,31-9096,150.00,$13.68,$16.40,$17.76,$28460,$34117,$36946
Phlebotomists,31-9097,320.00,$15.40,$18.13,$19.49,$32030,$37704,$40541
"Healthcare Support Workers, All Other",31-9099,120.00,$15.24,$20.72,$23.46,$31694,$43086,$48783
Protective Service Occupations,33-0000,4840.00,$16.03,$26.88,$32.30,$33337,$55907,$67191
Supervisors of Protective Service Workers,33-1000,570.00,$20.59,$36.87,$45.01,$42829,$76694,$93626
First-Line Supervisors of Correctional Officers,33-1011,40.00,$29.03,$41.25,$47.37,$60381,$85809,$98523
First-Line Supervisors of Police and Detectives,33-1012,110.00,$31.20,$52.17,$62.67,$64901,$108530,$130345
First-Line Supervisors of Firefighting and Prevention Workers,33-1021,160.00,$31.83,$38.27,$41.49,$66207,$79607,$86308
First-Line Supervisors of Security Workers,33-1091,240.00,$18.85,$27.91,$32.44,$39213,$58048,$67465
"First-Line Supervisors of Protective Service Workers, All Other",33-1099,10.00,$31.71,$40.02,$44.18,$65946,$83235,$91881
Firefighting and Prevention Workers,33-2000,500.00,$20.30,$25.55,$28.18,$42229,$53151,$58612
Firefighters,33-2011,500.00,$20.30,$25.55,$28.18,$42229,$53151,$58612
Law Enforcement Workers,33-3000,1640.00,$21.97,$32.82,$38.26,$45699,$68285,$79579
Correctional Officers and Jailers,33-3012,400.00,$19.40,$26.21,$29.61,$40364,$54508,$61580
Detectives and Criminal Investigators,33-3021,200.00,$26.92,$50.36,$62.07,$55996,$104749,$129125
Police and Sheriff's Patrol Officers,33-3051,1000.00,$24.29,$32.18,$36.13,$50529,$66938,$75142
Other Protective Service Workers,33-9000,2130.00,$14.19,$19.94,$22.81,$29513,$41464,$47440
Animal Control Workers,33-9011,20.00,$17.26,$22.72,$25.44,$35896,$47243,$52916
Private Detectives and Investigators,33-9021,40.00,$18.26,$24.34,$27.38,$37986,$50623,$56942
Security Guards,33-9032,1750.00,$14.31,$19.90,$22.70,$29769,$41398,$47213
Crossing Guards and Flaggers,33-9091,20.00,$12.91,$15.39,$16.63,$26862,$32012,$34586
"Lifeguards, Ski Patrol, and Other Recreational Protective Service Workers",33-9092,90.00,$11.92,$14.30,$15.49,$24799,$29749,$32224
"Protective Service Workers, All Other",33-9099,100.00,$15.61,$19.81,$21.91,$32463,$41199,$45568
Food Preparation and Serving Related Occupations,35-0000,20220.00,$10.51,$14.95,$17.18,$21849,$31099,$35724
Supervisors of Food Preparation and Serving Workers,35-1000,2450.00,$14.93,$21.22,$24.38,$31049,$44150,$50700
Chefs and Head Cooks,35-1011,130.00,$20.60,$32.70,$38.74,$42851,$68007,$80585
First-Line Supervisors of Food Preparation and Serving Workers,35-1012,2320.00,$14.85,$20.59,$23.46,$30900,$42829,$48794
Cooks and Food Preparation Workers,35-2000,7670.00,$11.42,$14.92,$16.66,$23750,$31024,$34661
"Cooks, Fast Food",35-2011,2990.00,$11.82,$14.15,$15.31,$24587,$29438,$31863
"Cooks, Institution and Cafeteria",35-2012,880.00,$10.49,$14.34,$16.27,$21817,$29823,$33825
"Cooks, Restaurant",35-2014,2040.00,$12.98,$16.78,$18.67,$27016,$34890,$38826
"Cooks, Short Order",35-2015,130.00,$11.92,$16.18,$18.32,$24782,$33661,$38101
Food Preparation Workers,35-2021,1630.00,$10.63,$14.20,$15.97,$22118,$29525,$33228
Food and Beverage Serving Workers,35-3000,8640.00,$9.68,$13.51,$15.42,$20131,$28085,$32063
Bartenders,35-3011,770.00,$8.96,$13.98,$16.50,$18626,$29081,$34309
Fast Food and Counter Workers,35-3023,4490.00,$10.65,$13.69,$15.21,$22165,$28487,$31647
Waiters and Waitresses,35-3031,3070.00,$8.66,$12.98,$15.14,$18006,$26995,$31490
"Food Servers, Nonrestaurant",35-3041,310.00,$12.49,$14.69,$15.79,$25989,$30549,$32829
Other Food Preparation and Serving Related Workers,35-9000,1450.00,$9.92,$13.19,$14.82,$20642,$27440,$30840
Dining Room and Cafeteria Attendants and Bartender Helpers,35-9011,490.00,$8.37,$11.85,$13.59,$17424,$24659,$28276
Dishwashers,35-9021,420.00,$12.27,$14.79,$16.06,$25529,$30773,$33396
"Hosts and Hostesses, Restaurant, Lounge, and Coffee Shop",35-9031,530.00,$10.76,$13.18,$14.39,$22368,$27412,$29933
Building and Grounds Cleaning and Maintenance Occupations,37-0000,5860.00,$12.54,$17.51,$19.99,$26096,$36414,$41573
Supervisors of Building and Grounds Cleaning and Maintenance Workers,37-1000,570.00,$18.51,$26.05,$29.81,$38508,$54185,$62023
First-Line Supervisors of Housekeeping and Janitorial Workers,37-1011,330.00,$17.26,$23.65,$26.85,$35898,$49187,$55832
"First-Line Supervisors of Landscaping, Lawn Service, and Groundskeeping Workers",37-1012,240.00,$22.31,$29.41,$32.96,$46402,$61176,$68563
Building Cleaning and Pest Control Workers,37-2000,3830.00,$11.79,$15.77,$17.76,$24517,$32801,$36943
"Janitors and Cleaners, Except Maids and Housekeeping Cleaners",37-2011,2770.00,$11.87,$15.77,$17.72,$24686,$32804,$36863
Maids and Housekeeping Cleaners,37-2012,800.00,$11.24,$13.83,$15.13,$23371,$28766,$31463
Grounds Maintenance Workers,37-3000,1460.00,$14.76,$18.72,$20.70,$30692,$38933,$43054
Landscaping and Groundskeeping Workers,37-3011,1340.00,$14.76,$18.49,$20.36,$30699,$38472,$42358
"Pesticide Handlers, Sprayers, and Applicators, Vegetation",37-3012,,$18.27,$21.42,$22.99,$38014,$44553,$47823
Tree Trimmers and Pruners,37-3013,90.00,$15.60,$20.81,$23.43,$32442,$43299,$48726
"Grounds Maintenance Workers, All Other",37-3019,20.00,$14.03,$22.65,$26.97,$29185,$47130,$56102
Personal Care and Service Occupations,39-0000,4400.00,$10.47,$15.76,$18.41,$21778,$32789,$38295
Supervisors of Personal Care and Service Workers,39-1000,420.00,$14.64,$22.31,$26.14,$30433,$46393,$54373
"First-Line Supervisors of Entertainment and Recreation Workers, Except Gambling Services",39-1014,280.00,$15.72,$23.20,$26.93,$32692,$48240,$56014
First-Line Supervisors of Personal Service Workers,39-1022,150.00,$12.89,$20.64,$24.50,$26811,$42915,$50968
Animal Care and Service Workers,39-2000,530.00,$11.62,$16.59,$19.08,$24169,$34514,$39687
Animal Caretakers,39-2021,500.00,$11.50,$15.84,$18.00,$23919,$32939,$37449
Entertainment Attendants and Related Workers,39-3000,1020.00,$9.65,$11.99,$13.16,$20064,$24942,$27381
Amusement and Recreation Attendants,39-3091,890.00,$9.58,$11.98,$13.18,$19909,$24921,$27427
Personal Appearance Workers,39-5000,750.00,$10.35,$16.13,$19.02,$21533,$33542,$39547
"Hairdressers, Hairstylists, and Cosmetologists",39-5012,550.00,$10.06,$15.77,$18.63,$20911,$32802,$38747
Skincare Specialists,39-5094,,$14.26,$20.92,$24.24,$29662,$43509,$50432
"Baggage Porters, Bellhops, and Concierges",39-6000,20.00,$13.61,$15.73,$16.80,$28312,$32730,$34940
Concierges,39-6012,10.00,$13.67,$15.74,$16.78,$28448,$32751,$34902
Tour and Travel Guides,39-7000,60.00,$13.49,$15.74,$16.88,$28055,$32756,$35106
,39-7010,60.00,$13.49,$15.74,$16.88,$28055,$32756,$35106
Other Personal Care and Service Workers,39-9000,1490.00,$10.89,$15.73,$18.16,$22661,$32731,$37766
Childcare Workers,39-9011,430.00,$10.50,$13.01,$14.27,$21833,$27071,$29691
Exercise Trainers and Group Fitness Instructors,39-9031,330.00,$11.49,$20.52,$25.04,$23895,$42684,$52078
Recreation Workers,39-9032,440.00,$12.37,$15.86,$17.59,$25730,$32980,$36604
Residential Advisors,39-9041,240.00,$11.65,$14.51,$15.94,$24227,$30175,$33149
Sales and Related Occupations,41-0000,20410.00,$12.49,$23.03,$28.31,$25996,$47909,$58867
Supervisors of Sales Workers,41-1000,2470.00,$15.79,$26.67,$32.11,$32837,$55473,$66791
First-Line Supervisors of Retail Sales Workers,41-1011,2260.00,$15.53,$25.94,$31.15,$32306,$53955,$64780
First-Line Supervisors of Non-Retail Sales Workers,41-1012,210.00,$21.85,$34.61,$41.00,$45435,$71991,$85269
Retail Sales Workers,41-2000,12730.00,$11.64,$16.12,$18.37,$24214,$33542,$38207
Cashiers,41-2011,4630.00,$10.71,$13.96,$15.59,$22284,$29048,$32430
Counter and Rental Clerks,41-2021,720.00,$13.07,$18.09,$20.61,$27184,$37632,$42858
Parts Salespersons,41-2022,520.00,$13.35,$19.21,$22.16,$27752,$39970,$46078
Retail Salespersons,41-2031,6860.00,$12.20,$17.14,$19.61,$25387,$35657,$40792
"Sales Representatives, Services",41-3000,2740.00,$20.54,$38.93,$48.12,$42722,$80975,$100100
Advertising Sales Agents,41-3011,90.00,$12.51,$25.94,$32.65,$26027,$53954,$67919
Insurance Sales Agents,41-3021,440.00,$20.18,$38.05,$47.00,$41969,$79156,$97750
"Securities, Commodities, and Financial Services Sales Agents",41-3031,430.00,$21.25,$42.79,$53.55,$44196,$88994,$111393
Travel Agents,41-3041,40.00,$22.68,$26.42,$28.30,$47179,$54962,$58855
"Sales Representatives of Services, Except Advertising, Insurance, Financial Services, and Travel",41-3091,1750.00,$20.94,$39.11,$48.21,$43558,$81360,$100259
"Sales Representatives, Wholesale and Manufacturing",41-4000,1970.00,$20.78,$39.47,$48.80,$43233,$82087,$101513
"Sales Representatives, Wholesale and Manufacturing, Technical and Scientific Products",41-4011,250.00,$28.17,$54.65,$67.88,$58589,$113654,$141187
"Sales Representatives, Wholesale and Manufacturing, Except Technical and Scientific Products",41-4012,1720.00,$20.39,$37.27,$45.72,$42408,$77529,$95089
Other Sales and Related Workers,41-9000,500.00,$12.33,$29.12,$37.51,$25650,$60572,$78033
Real Estate Sales Agents,41-9022,300.00,$11.98,$23.91,$29.87,$24931,$49731,$62131
Sales Engineers,41-9031,60.00,$46.26,$63.87,$72.67,$96221,$132854,$151169
Office and Administrative Support Occupations,43-0000,22400.00,$15.59,$22.79,$26.38,$32439,$47392,$54870
Supervisors of Office and Administrative Support Workers,43-1000,2210.00,$22.71,$33.14,$38.36,$47239,$68937,$79786
First-Line Supervisors of Office and Administrative Support Workers,43-1011,2210.00,$22.71,$33.14,$38.36,$47239,$68937,$79786
Communications Equipment Operators,43-2000,110.00,$14.89,$17.58,$18.93,$30955,$36566,$39373
"Switchboard Operators, Including Answering Service",43-2011,110.00,$14.83,$17.04,$18.13,$30862,$35433,$37719
Financial Clerks,43-3000,3130.00,$16.73,$22.51,$25.41,$34782,$46822,$52841
Bill and Account Collectors,43-3011,320.00,$18.20,$25.14,$28.61,$37861,$52295,$59512
Billing and Posting Clerks,43-3021,460.00,$17.18,$21.36,$23.45,$35750,$44433,$48774
"Bookkeeping, Accounting, and Auditing Clerks",43-3031,1580.00,$16.55,$22.97,$26.18,$34428,$47779,$54454
Payroll and Timekeeping Clerks,43-3051,150.00,$18.40,$25.51,$29.07,$38277,$53065,$60459
Procurement Clerks,43-3061,40.00,$22.08,$29.22,$32.80,$45928,$60791,$68221
Tellers,43-3071,570.00,$16.44,$19.37,$20.83,$34191,$40286,$43333
Information and Record Clerks,43-4000,6450.00,$14.62,$19.43,$21.84,$30396,$40424,$45439
"Court, Municipal, and License Clerks",43-4031,190.00,$15.38,$21.20,$24.11,$31973,$44087,$50143
"Credit Authorizers, Checkers, and Clerks",43-4041,20.00,$16.96,$24.93,$28.91,$35266,$51851,$60144
Customer Service Representatives,43-4051,3630.00,$15.74,$20.05,$22.21,$32736,$41705,$46190
"Eligibility Interviewers, Government Programs",43-4061,110.00,$18.63,$24.15,$26.91,$38750,$50235,$55976
File Clerks,43-4071,30.00,$15.43,$19.24,$21.16,$32089,$40026,$43994
"Hotel, Motel, and Resort Desk Clerks",43-4081,390.00,$11.97,$14.57,$15.88,$24895,$30319,$33032
"Interviewers, Except Eligibility and Loan",43-4111,220.00,$15.19,$18.62,$20.33,$31595,$38731,$42298
"Library Assistants, Clerical",43-4121,30.00,$10.31,$13.32,$14.82,$21443,$27700,$30828
Loan Interviewers and Clerks,43-4131,190.00,$17.36,$22.66,$25.31,$36108,$47135,$52649
Order Clerks,43-4151,20.00,$21.90,$25.52,$27.33,$45554,$53080,$56843
"Human Resources Assistants, Except Payroll and Timekeeping",43-4161,70.00,$16.80,$22.39,$25.19,$34943,$46582,$52400
Receptionists and Information Clerks,43-4171,1400.00,$13.54,$16.88,$18.56,$28145,$35114,$38599
"Material Recording, Scheduling, Dispatching, and Distributing Workers",43-5000,2640.00,$18.24,$26.35,$30.41,$37956,$54814,$63242
Couriers and Messengers,43-5021,110.00,$12.61,$17.37,$19.75,$26223,$36131,$41085
Public Safety Telecommunicators,43-5031,180.00,$18.23,$22.52,$24.66,$37933,$46845,$51300
"Dispatchers, Except Police, Fire, and Ambulance",43-5032,150.00,$17.28,$23.41,$26.47,$35947,$48687,$55057
"Meter Readers, Utilities",43-5041,40.00,$18.08,$26.03,$30.01,$37595,$54143,$62417
Postal Service Clerks,43-5051,100.00,$22.84,$30.12,$33.76,$47502,$62635,$70201
Postal Service Mail Carriers,43-5052,670.00,$21.03,$29.04,$33.04,$43753,$60401,$68724
"Postal Service Mail Sorters, Processors, and Processing Machine Operators",43-5053,50.00,$21.69,$28.93,$32.56,$45107,$60187,$67727
"Production, Planning, and Expediting Clerks",43-5061,580.00,$22.17,$31.27,$35.82,$46120,$65053,$74519
"Shipping, Receiving, and Inventory Clerks",43-5071,700.00,$16.37,$21.97,$24.76,$34058,$45686,$51501
"Weighers, Measurers, Checkers, and Samplers, Recordkeeping",43-5111,30.00,$20.02,$24.68,$27.01,$41645,$51335,$56179
Secretaries and Administrative Assistants,43-6000,6380.00,$16.09,$22.50,$25.70,$33480,$46801,$53461
Executive Secretaries and Executive Administrative Assistants,43-6011,430.00,$25.86,$35.87,$40.87,$53805,$74604,$85004
Legal Secretaries and Administrative Assistants,43-6012,140.00,$15.31,$21.78,$25.01,$31854,$45300,$52023
Medical Secretaries and Administrative Assistants,43-6013,,$15.16,$19.49,$21.66,$31527,$40544,$45052
"Secretaries and Administrative Assistants, Except Legal, Medical, and Executive",43-6014,4200.00,$16.41,$22.32,$25.27,$34135,$46430,$52577
Other Office and Administrative Support Workers,43-9000,1470.00,$11.94,$17.75,$20.65,$24852,$36909,$42938
Data Entry Keyers,43-9021,70.00,$15.55,$19.14,$20.94,$32346,$39808,$43539
Word Processors and Typists,43-9022,20.00,$15.46,$21.85,$25.04,$32156,$45443,$52087
Insurance Claims and Policy Processing Clerks,43-9041,110.00,$18.24,$21.31,$22.84,$37947,$44320,$47507
"Mail Clerks and Mail Machine Operators, Except Postal Service",43-9051,40.00,$16.28,$20.65,$22.84,$33858,$42953,$47501
"Office Clerks, General",43-9061,1170.00,$11.42,$16.65,$19.27,$23763,$34651,$40096
"Office and Administrative Support Workers, All Other",43-9199,70.00,$17.97,$25.80,$29.71,$37379,$53664,$61806
"Farming, Fishing, and Forestry Occupations",45-0000,160.00,$14.34,$19.38,$21.89,$29829,$40301,$45538
"Supervisors of Farming, Fishing, and Forestry Workers",45-1000,20.00,$18.41,$25.44,$28.95,$38291,$52910,$60220
"First-Line Supervisors of Farming, Fishing, and Forestry Workers",45-1011,20.00,$18.41,$25.44,$28.95,$38291,$52910,$60220
Agricultural Workers,45-2000,120.00,$14.00,$17.96,$19.94,$29106,$37352,$41475
Agricultural Equipment Operators,45-2091,30.00,$14.46,$16.95,$18.20,$30076,$35266,$37861
"Farmworkers and Laborers, Crop, Nursery, and Greenhouse",45-2092,70.00,$14.88,$17.69,$19.09,$30950,$36789,$39710
"Farmworkers, Farm, Ranch, and Aquacultural Animals",45-2093,20.00,$12.47,$18.73,$21.86,$25934,$38953,$45463
Construction and Extraction Occupations,47-0000,7890.00,$17.59,$26.00,$30.20,$36589,$54076,$62819
Supervisors of Construction and Extraction Workers,47-1000,1290.00,$23.68,$34.07,$39.26,$49249,$70859,$81665
First-Line Supervisors of Construction Trades and Extraction Workers,47-1011,1290.00,$23.68,$34.07,$39.26,$49249,$70859,$81665
Construction Trades Workers,47-2000,5770.00,$17.16,$24.52,$28.19,$35686,$50984,$58633
Carpenters,47-2031,490.00,$18.78,$24.85,$27.90,$39052,$51699,$58021
Tile and Stone Setters,47-2044,50.00,$17.17,$23.39,$26.50,$35724,$48660,$55127
Cement Masons and Concrete Finishers,47-2051,190.00,$15.47,$22.69,$26.29,$32174,$47181,$54685
Construction Laborers,47-2061,1530.00,$13.87,$19.30,$22.01,$28860,$40149,$45794
"Paving, Surfacing, and Tamping Equipment Operators",47-2071,80.00,$19.92,$24.55,$26.85,$41436,$51048,$55855
Operating Engineers and Other Construction Equipment Operators,47-2073,1090.00,$20.64,$25.72,$28.28,$42923,$53515,$58812
Drywall and Ceiling Tile Installers,47-2081,80.00,$14.12,$22.30,$26.40,$29365,$46387,$54897
Electricians,47-2111,840.00,$21.20,$28.87,$32.70,$44077,$60044,$68027
Glaziers,47-2121,50.00,$16.81,$21.97,$24.56,$34977,$45714,$51083
"Painters, Construction and Maintenance",47-2141,190.00,$17.13,$24.56,$28.27,$35635,$51079,$58800
Pipelayers,47-2151,60.00,$19.59,$24.11,$26.35,$40745,$50134,$54828
"Plumbers, Pipefitters, and Steamfitters",47-2152,760.00,$19.58,$27.98,$32.19,$40727,$58203,$66941
Sheet Metal Workers,47-2211,120.00,$19.27,$27.36,$31.41,$40088,$56918,$65333
"Helpers, Construction Trades",47-3000,340.00,$15.58,$19.29,$21.14,$32408,$40128,$43988
"Helpers--Brickmasons, Blockmasons, Stonemasons, and Tile and Marble Setters",47-3011,10.00,$15.96,$18.03,$19.07,$33192,$37506,$39663
Helpers--Electricians,47-3013,240.00,$16.47,$19.44,$20.93,$34244,$40443,$43543
"Helpers--Pipelayers, Plumbers, Pipefitters, and Steamfitters",47-3015,50.00,$14.53,$20.17,$22.97,$30238,$41936,$47785
Other Construction and Related Workers,47-4000,460.00,$19.13,$26.81,$30.64,$39777,$55750,$63735
Construction and Building Inspectors,47-4011,160.00,$24.34,$32.29,$36.26,$50617,$67159,$75430
Hazardous Materials Removal Workers,47-4041,20.00,$19.35,$24.53,$27.12,$40231,$51018,$56412
Highway Maintenance Workers,47-4051,240.00,,,,,,
"Installation, Maintenance, and Repair Occupations",49-0000,9550.00,$19.23,$30.45,$36.06,$40001,$63336,$75004
"Supervisors of Installation, Maintenance, and Repair Workers",49-1000,1100.00,$25.43,$39.39,$46.38,$52891,$81940,$96464
"First-Line Supervisors of Mechanics, Installers, and Repairers",49-1011,1100.00,$25.43,$39.39,$46.38,$52891,$81940,$96464
"Electrical and Electronic Equipment Mechanics, Installers, and Repairers",49-2000,800.00,$21.44,$30.85,$35.55,$44590,$64165,$73953
"Computer, Automated Teller, and Office Machine Repairers",49-2011,100.00,$18.71,$24.63,$27.60,$38900,$51234,$57401
"Telecommunications Equipment Installers and Repairers, Except Line Installers",49-2022,290.00,$22.18,$32.10,$37.06,$46142,$66765,$77077
Avionics Technicians,49-2091,160.00,$30.23,$35.86,$38.68,$62875,$74591,$80449
"Electrical and Electronics Repairers, Commercial and Industrial Equipment",49-2094,100.00,$22.17,$29.32,$32.89,$46119,$60984,$68417
Audiovisual Equipment Installers and Repairers,49-2097,30.00,$18.02,$25.25,$28.87,$37485,$52523,$60043
Security and Fire Alarm Systems Installers,49-2098,110.00,$20.36,$28.00,$31.82,$42340,$58232,$66179
"Vehicle and Mobile Equipment Mechanics, Installers, and Repairers",49-3000,2600.00,$17.90,$27.57,$32.39,$37220,$57330,$67386
Aircraft Mechanics and Service Technicians,49-3011,270.00,$26.07,$36.10,$41.11,$54226,$75081,$85508
Automotive Body and Related Repairers,49-3021,140.00,$17.11,$24.86,$28.73,$35573,$51708,$59776
Automotive Service Technicians and Mechanics,49-3023,920.00,$17.48,$27.03,$31.82,$36345,$56229,$66171
Bus and Truck Mechanics and Diesel Engine Specialists,49-3031,510.00,$21.54,$28.09,$31.37,$44803,$58441,$65260
Farm Equipment Mechanics and Service Technicians,49-3041,100.00,$19.22,$28.79,$33.56,$39993,$59869,$69808
"Mobile Heavy Equipment Mechanics, Except Engines",49-3042,280.00,$23.97,$31.67,$35.51,$49852,$65863,$73868
Motorcycle Mechanics,49-3052,20.00,$16.27,$27.29,$32.81,$33834,$56763,$68228
Outdoor Power Equipment and Other Small Engine Mechanics,49-3053,40.00,$18.99,$24.09,$26.65,$39494,$50123,$55438
Recreational Vehicle Service Technicians,49-3092,50.00,$13.71,$22.28,$26.57,$28517,$46349,$55266
Tire Repairers and Changers,49-3093,210.00,$13.96,$17.21,$18.83,$29041,$35791,$39168
"Other Installation, Maintenance, and Repair Occupations",49-9000,5040.00,$18.92,$29.92,$35.43,$39344,$62243,$73693
Mechanical Door Repairers,49-9011,80.00,$19.46,$24.53,$27.05,$40491,$51004,$56260
"Heating, Air Conditioning, and Refrigeration Mechanics and Installers",49-9021,730.00,$20.41,$27.82,$31.52,$42445,$57862,$65571
Home Appliance Repairers,49-9031,40.00,$14.80,$20.54,$23.41,$30793,$42720,$48683
Industrial Machinery Mechanics,49-9041,1630.00,$23.96,$36.98,$43.51,$49821,$76934,$90489
Millwrights,49-9044,120.00,$28.59,$34.93,$38.10,$59460,$72650,$79245
Electrical Power-Line Installers and Repairers,49-9051,220.00,$25.62,$41.44,$49.36,$53288,$86200,$102656
Telecommunications Line Installers and Repairers,49-9052,160.00,$24.99,$32.81,$36.72,$51965,$68234,$76368
Medical Equipment Repairers,49-9062,30.00,$21.42,$30.21,$34.59,$44560,$62823,$71954
"Maintenance and Repair Workers, General",49-9071,1610.00,$16.67,$23.87,$27.47,$34659,$49650,$57145
Locksmiths and Safe Repairers,49-9094,20.00,$16.71,$21.54,$23.95,$34757,$44792,$49810
"Helpers--Installation, Maintenance, and Repair Workers",49-9098,150.00,$13.54,$18.75,$21.35,$28173,$38990,$44399
"Installation, Maintenance, and Repair Workers, All Other",49-9099,150.00,$19.67,$24.90,$27.51,$40913,$51792,$57233
Production Occupations,51-0000,24240.00,$16.95,$24.41,$28.14,$35256,$50773,$58532
Supervisors of Production Workers,51-1000,2570.00,$26.46,$37.81,$43.48,$55047,$78643,$90440
First-Line Supervisors of Production and Operating Workers,51-1011,2570.00,$26.46,$37.81,$43.48,$55047,$78643,$90440
Assemblers and Fabricators,51-2000,10000.00,$17.05,$22.10,$24.63,$35475,$45975,$51225
"Aircraft Structure, Surfaces, Rigging, and Systems Assemblers",51-2011,240.00,$25.15,$32.51,$36.21,$52311,$67635,$75298
"Electrical, electronic, and electromechanical assemblers, except coil winders, tapers, and finishers",51-2028,770.00,$15.60,$20.64,$23.17,$32455,$42944,$48189
Miscellaneous Assemblers and Fabricators,51-2090,7380.00,$16.68,$21.02,$23.19,$34689,$43721,$48238
Food Processing Workers,51-3000,460.00,$13.02,$18.33,$20.99,$27078,$38125,$43649
Bakers,51-3011,210.00,$11.47,$16.48,$18.98,$23871,$34278,$39482
Butchers and Meat Cutters,51-3021,170.00,$15.34,$20.23,$22.67,$31912,$42073,$47153
"Meat, Poultry, and Fish Cutters and Trimmers",51-3022,40.00,$15.46,$18.87,$20.58,$32158,$39259,$42810
"Food Processing Workers, All Other",51-3099,30.00,$17.60,$18.61,$19.11,$36610,$38704,$39750
Metal Workers and Plastic Workers,51-4000,4930.00,$17.41,$24.29,$27.74,$36219,$50540,$57701
"Rolling Machine Setters, Operators, and Tenders, Metal and Plastic",51-4023,90.00,$19.81,$26.56,$29.93,$41207,$55231,$62242
"Cutting, Punching, and Press Machine Setters, Operators, and Tenders, Metal and Plastic",51-4031,520.00,$16.40,$21.64,$24.27,$34104,$45019,$50476
"Grinding, Lapping, Polishing, and Buffing Machine Tool Setters, Operators, and Tenders, Metal and Plastic",51-4033,130.00,$16.94,$24.39,$28.12,$35226,$50731,$58483
Machinists,51-4041,840.00,$21.96,$31.38,$36.08,$45662,$65258,$75056
Metal-Refining Furnace Operators and Tenders,51-4051,120.00,$22.18,$27.93,$30.81,$46117,$58102,$64095
"Molding, Coremaking, and Casting Machine Setters, Operators, and Tenders, Metal and Plastic",51-4072,660.00,$16.28,$20.87,$23.17,$33864,$43414,$48188
Tool and Die Makers,51-4111,110.00,$29.12,$34.36,$36.98,$60580,$71473,$76920
"Welders, Cutters, Solderers, and Brazers",51-4121,1940.00,$17.72,$22.61,$25.06,$36855,$47035,$52125
"Welding, Soldering, and Brazing Machine Setters, Operators, and Tenders",51-4122,200.00,$16.38,$23.53,$27.11,$34066,$48949,$56392
"Plating Machine Setters, Operators, and Tenders, Metal and Plastic",51-4193,30.00,$18.61,$20.39,$21.28,$38701,$42407,$44261
Printing Workers,51-5100,130.00,$14.30,$20.58,$23.72,$29746,$42813,$49346
Printing Press Operators,51-5112,120.00,$14.27,$20.74,$23.96,$29686,$43124,$49842
"Textile, Apparel, and Furnishings Workers",51-6000,680.00,$13.01,$16.65,$18.46,$27045,$34622,$38412
Laundry and Dry-Cleaning Workers,51-6011,320.00,$13.39,$15.72,$16.88,$27852,$32694,$35115
"Pressers, Textile, Garment, and Related Materials",51-6021,40.00,$11.46,$14.34,$15.78,$23847,$29829,$32821
Sewing Machine Operators,51-6031,260.00,$12.69,$17.13,$19.34,$26404,$35622,$40231
Woodworkers,51-7000,190.00,$16.56,$21.26,$23.59,$34457,$44208,$49085
Cabinetmakers and Bench Carpenters,51-7011,100.00,$16.91,$21.68,$24.06,$35161,$45088,$50052
Plant and System Operators,51-8000,260.00,$19.40,$30.40,$35.90,$40348,$63233,$74676
Water and Wastewater Treatment Plant and System Operators,51-8031,240.00,$19.30,$30.05,$35.42,$40130,$62497,$73680
Other Production Occupations,51-9000,5010.00,$16.75,$23.77,$27.28,$34853,$49443,$56737
Chemical Equipment Operators and Tenders,51-9011,170.00,$18.95,$26.37,$30.07,$39421,$54847,$62560
"Separating, Filtering, Clarifying, Precipitating, and Still Machine Setters, Operators, and Tenders",51-9012,30.00,$15.80,$20.57,$22.96,$32872,$42795,$47756
"Mixing and Blending Machine Setters, Operators, and Tenders",51-9023,100.00,$20.41,$25.44,$27.95,$42470,$52916,$58139
"Cutting and Slicing Machine Setters, Operators, and Tenders",51-9032,30.00,$16.12,$20.51,$22.70,$33522,$42654,$47221
"Inspectors, Testers, Sorters, Samplers, and Weighers",51-9061,1790.00,$17.58,$24.93,$28.61,$36550,$51857,$59512
Dental Laboratory Technicians,51-9081,400.00,$16.42,$21.63,$24.24,$34156,$45000,$50422
Packaging and Filling Machine Operators and Tenders,51-9111,120.00,$15.20,$19.39,$21.49,$31610,$40331,$44691
"Coating, Painting, and Spraying Machine Setters, Operators, and Tenders",51-9124,600.00,$17.71,$21.81,$23.86,$36848,$45365,$49624
Computer Numerically Controlled Tool Operators,51-9161,480.00,$21.90,$31.96,$36.99,$45554,$66469,$76927
Computer Numerically Controlled Tool Programmers,51-9162,,$28.15,$34.26,$37.30,$58564,$71245,$77585
Adhesive Bonding Machine Operators and Tenders,51-9191,20.00,$9.18,$15.02,$17.94,$19100,$31240,$37309
"Molders, Shapers, and Casters, Except Metal and Plastic",51-9195,,$17.28,$19.01,$19.86,$35956,$39525,$41310
Helpers--Production Workers,51-9198,440.00,$13.79,$16.96,$18.55,$28675,$35269,$38566
"Production Workers, All Other",51-9199,80.00,$16.09,$21.11,$23.62,$33479,$43906,$49120
Transportation and Material Moving Occupations,53-0000,20370.00,$13.80,$21.24,$24.95,$28713,$44162,$51887
Supervisors of Transportation and Material Moving Workers,53-1000,1110.00,$20.82,$31.46,$36.79,$43310,$65448,$76517
"First-Line Supervisors of Transportation and Material-Moving Workers, Except Aircraft Cargo Handling Supervisors",53-1047,1110.00,$20.82,$31.46,$36.79,$43310,$65448,$76517
Air Transportation Workers,53-2000,180.00,,,,$71769,$111153,$130845
"Airline Pilots, Copilots, and Flight Engineers",53-2011,30.00,,,,$133036,$162615,$177404
Commercial Pilots,53-2012,80.00,,,,$64319,$97656,$114325
Motor Vehicle Operators,53-3000,6350.00,$12.31,$22.61,$27.76,$25605,$47031,$57744
Driver/Sales Workers,53-3031,570.00,$10.23,$17.76,$21.54,$21273,$36953,$44792
Heavy and Tractor-Trailer Truck Drivers,53-3032,2700.00,$20.39,$28.24,$32.17,$42407,$58746,$66916
Light Truck Drivers,53-3033,1700.00,$15.93,$23.58,$27.40,$33140,$49044,$56997
"Bus Drivers, School",53-3051,1080.00,$8.86,$10.93,$11.96,$18426,$22727,$24878
"Bus Drivers, Transit and Intercity",53-3052,110.00,$18.53,$20.76,$21.88,$38524,$43185,$45515
Shuttle Drivers and Chauffeurs,53-3053,160.00,$12.29,$15.96,$17.80,$25557,$33203,$37027
Other Transportation Workers,53-6000,400.00,$12.77,$16.91,$18.97,$26570,$35166,$39464
Parking Attendants,53-6021,100.00,$10.83,$14.18,$15.86,$22535,$29499,$32981
Automotive and Watercraft Service Attendants,53-6031,230.00,$13.16,$15.86,$17.20,$27359,$32977,$35786
Traffic Technicians,53-6041,20.00,$21.64,$26.87,$29.48,$45009,$55881,$61317
Material Moving Workers,53-7000,12330.00,$14.46,$19.27,$21.67,$30072,$40079,$45083
Crane and Tower Operators,53-7021,40.00,$19.18,$24.98,$27.88,$39903,$51954,$57979
Industrial Truck and Tractor Operators,53-7051,1190.00,$18.09,$22.99,$25.44,$37617,$47819,$52921
Cleaners of Vehicles and Equipment,53-7061,820.00,$12.30,$15.99,$17.83,$25599,$33257,$37086
"Laborers and Freight, Stock, and Material Movers, Hand",53-7062,4370.00,$15.21,$19.85,$22.17,$31642,$41293,$46119
Machine Feeders and Offbearers,53-7063,60.00,$13.10,$19.06,$22.04,$27252,$39638,$45832
"Packers and Packagers, Hand",53-7064,610.00,$12.47,$15.94,$17.68,$25943,$33160,$36769
Stockers and Order Fillers,53-7065,5010.00,$14.86,$18.47,$20.28,$30909,$38425,$42183
Refuse and Recyclable Material Collectors,53-7081,180.00,$19.22,$25.52,$28.67,$39985,$53078,$59624