Occupational Title,SOC,Estimated Employment,Entry Hourly,Mean Hourly,Experienced Hourly,Entry Annual,Mean Annual,Experienced Annual
Total all occupations,00-0000,"260,190.00",$15.04,$34.78,$44.65,"$31,291","$72,342","$92,868"
Management Occupations,11-0000,"15,730.00",$35.32,$68.44,$85.00,"$73,467","$142,351","$176,793"
Top Executives,11-1000,"4,240.00",$35.11,$77.21,$98.27,"$73,016","$160,608","$204,404"
Chief Executives,11-1011,90.00,$63.46,$108.52,$131.05,"$131,996","$225,720","$272,582"
General and Operations Managers,11-1021,"4,090.00",$35.88,$77.30,$98.00,"$74,645","$160,785","$203,856"
Legislators,11-1031,60.00,,,,"$23,010","$42,718","$52,573"
"Advertising, Marketing, Promotions, Public Relations, and Sales Managers",11-2000,880.00,$39.90,$72.75,$89.18,"$82,985","$151,330","$185,502"
Marketing Managers,11-2021,210.00,$38.00,$69.94,$85.91,"$79,033","$145,474","$178,695"
Sales Managers,11-2022,610.00,$41.18,$74.70,$91.46,"$85,662","$155,374","$190,230"
Public Relations Managers,11-2032,40.00,$36.01,$66.39,$81.59,"$74,894","$138,105","$169,711"
Fundraising Managers,11-2033,20.00,$37.64,$54.54,$62.99,"$78,289","$113,442","$131,019"
Operations Specialties Managers,11-3000,"4,330.00",$47.16,$73.99,$87.41,"$98,078","$153,893","$181,801"
Administrative Services Managers,11-3012,120.00,$20.15,$50.08,$65.06,"$41,903","$104,173","$135,307"
Facilities Managers,11-3013,160.00,$43.04,$63.16,$73.22,"$89,526","$131,367","$152,287"
Computer and Information Systems Managers,11-3021,"1,800.00",$50.43,$77.71,$91.35,"$104,901","$161,629","$189,993"
Financial Managers,11-3031,750.00,$51.86,$81.76,$96.71,"$107,874","$170,066","$201,162"
Industrial Production Managers,11-3051,440.00,$46.30,$70.72,$82.94,"$96,287","$147,093","$172,496"
Purchasing Managers,11-3061,490.00,$53.52,$72.03,$81.28,"$111,332","$149,808","$169,046"
"Transportation, Storage, and Distribution Managers",11-3071,220.00,$39.06,$58.42,$68.09,"$81,240","$121,511","$141,646"
Human Resources Managers,11-3121,330.00,$44.12,$68.81,$81.16,"$91,775","$143,134","$168,813"
Training and Development Managers,11-3131,20.00,$41.46,$60.56,$70.11,"$86,232","$125,964","$145,830"
Other Management Occupations,11-9000,"6,280.00",$30.53,$58.09,$71.87,"$63,512","$120,823","$149,479"
Construction Managers,11-9021,720.00,$32.00,$53.54,$64.31,"$66,559","$111,367","$133,771"
"Education and Childcare Administrators, Preschool and Daycare",11-9031,90.00,$16.71,$23.48,$26.86,"$34,754","$48,830","$55,868"
"Education Administrators, Kindergarten through Secondary",11-9032,310.00,,,,"$79,776","$101,499","$112,362"
"Education Administrators, Postsecondary",11-9033,360.00,$35.16,$61.88,$75.25,"$73,117","$128,714","$156,513"
"Education Administrators, All Other",11-9039,,$23.38,$41.04,$49.87,"$48,617","$85,364","$103,738"
Architectural and Engineering Managers,11-9041,"1,560.00",$59.47,$84.03,$96.32,"$123,696","$174,802","$200,355"
Food Service Managers,11-9051,620.00,$25.25,$33.62,$37.81,"$52,533","$69,939","$78,642"
Lodging Managers,11-9081,40.00,$27.15,$39.60,$45.81,"$56,476","$82,351","$95,287"
Medical and Health Services Managers,11-9111,900.00,$35.71,$51.09,$58.78,"$74,270","$106,262","$122,258"
Natural Sciences Managers,11-9121,90.00,$43.89,$64.36,$74.60,"$91,291","$133,878","$155,171"
Postmasters and Mail Superintendents,11-9131,10.00,$41.86,$47.93,$50.97,"$87,069","$99,710","$106,030"
"Property, Real Estate, and Community Association Managers",11-9141,410.00,$20.47,$31.58,$37.13,"$42,588","$65,683","$77,231"
Social and Community Service Managers,11-9151,170.00,$24.18,$36.67,$42.91,"$50,302","$76,280","$89,269"
Emergency Management Directors,11-9161,10.00,$28.52,$45.44,$53.90,"$59,330","$94,519","$112,112"
Funeral Home Managers,11-9171,40.00,$24.44,$38.83,$46.02,"$50,850","$80,758","$95,711"
"Managers, All Other",11-9199,570.00,$55.67,$77.44,$88.32,"$115,804","$161,064","$183,694"
Business and Financial Operations Occupations,13-0000,"20,940.00",$29.04,$50.28,$60.89,"$60,409","$104,569","$126,650"
Business Operations Specialists,13-1000,"15,530.00",$30.26,$51.61,$62.28,"$62,953","$107,338","$129,531"
Buyers and Purchasing Agents,13-1020,"2,630.00",$29.13,$48.00,$57.43,"$60,597","$99,839","$119,461"
"Claims Adjusters, Examiners, and Investigators",13-1031,120.00,$23.85,$36.13,$42.28,"$49,611","$75,164","$87,939"
Compliance Officers,13-1041,410.00,$25.11,$42.47,$51.15,"$52,215","$88,331","$106,389"
Cost Estimators,13-1051,290.00,$26.48,$42.12,$49.93,"$55,079","$87,591","$103,846"
Human Resources Specialists,13-1071,"1,560.00",$24.65,$40.94,$49.10,"$51,276","$85,171","$102,119"
Logisticians,13-1081,"3,050.00",$38.04,$54.81,$63.19,"$79,130","$113,995","$131,426"
Project Management Specialists,13-1082,700.00,$38.94,$61.53,$72.83,"$80,991","$127,991","$151,490"
Management Analysts,13-1111,"1,800.00",$41.35,$60.08,$69.44,"$86,007","$124,963","$144,442"
"Meeting, Convention, and Event Planners",13-1121,120.00,$18.43,$27.10,$31.43,"$38,324","$56,363","$65,383"
Fundraisers,13-1131,100.00,$19.74,$29.98,$35.11,"$41,055","$62,368","$73,025"
"Compensation, Benefits, and Job Analysis Specialists",13-1141,60.00,$28.08,$39.84,$45.72,"$58,418","$82,881","$95,111"
Training and Development Specialists,13-1151,530.00,$23.43,$39.08,$46.90,"$48,724","$81,272","$97,547"
Market Research Analysts and Marketing Specialists,13-1161,"1,010.00",$19.76,$36.75,$45.26,"$41,083","$76,454","$94,140"
"Business Operations Specialists, All Other",13-1199,"3,130.00",$41.02,$61.30,$71.44,"$85,314","$127,503","$148,597"
Financial Specialists,13-2000,"5,410.00",$26.55,$46.45,$56.40,"$55,232","$96,615","$117,307"
Accountants and Auditors,13-2011,"3,100.00",$26.94,$42.58,$50.40,"$56,032","$88,572","$104,842"
Property Appraisers and Assessors,13-2020,50.00,$17.53,$31.53,$38.54,"$36,452","$65,584","$80,150"
Budget Analysts,13-2031,580.00,$39.12,$55.61,$63.85,"$81,368","$115,669","$132,818"
Credit Analysts,13-2041,10.00,$29.96,$45.62,$53.46,"$62,314","$94,897","$111,190"
Financial and Investment Analysts,13-2051,640.00,$36.73,$57.15,$67.36,"$76,402","$118,874","$140,109"
Personal Financial Advisors,13-2052,210.00,$22.96,$71.16,$95.27,"$47,761","$148,021","$198,150"
Financial Examiners,13-2061,10.00,$35.55,$50.31,$57.68,"$73,938","$104,633","$119,981"
Credit Counselors,13-2071,,$20.26,$23.95,$25.78,"$42,147","$49,804","$53,632"
Loan Officers,13-2072,420.00,$22.41,$40.75,$49.91,"$46,621","$84,757","$103,825"
"Tax Examiners and Collectors, and Revenue Agents",13-2081,90.00,$22.21,$31.33,$35.88,"$46,196","$65,161","$74,643"
"Financial Specialists, All Other",13-2099,200.00,$27.45,$52.10,$64.42,"$57,099","$108,368","$134,003"
Computer and Mathematical Occupations,15-0000,"19,700.00",$34.22,$57.99,$69.87,"$71,178","$120,613","$145,329"
Computer Occupations,15-1200,"18,700.00",$33.91,$57.92,$69.91,"$70,539","$120,466","$145,430"
Computer Systems Analysts,15-1211,"3,010.00",$40.61,$62.30,$73.15,"$84,472","$129,597","$152,158"
Information Security Analysts,15-1212,"1,570.00",$39.34,$61.68,$72.84,"$81,826","$128,278","$151,503"
Computer and Information Research Scientists,15-1221,490.00,$33.69,$54.72,$65.23,"$70,079","$113,826","$135,698"
Computer Network Support Specialists,15-1231,260.00,$22.46,$33.99,$39.75,"$46,721","$70,701","$82,691"
Computer User Support Specialists,15-1232,"1,290.00",$18.60,$26.30,$30.14,"$38,705","$54,696","$62,692"
Computer Network Architects,15-1241,"1,390.00",$44.40,$67.93,$79.69,"$92,359","$141,289","$165,754"
Database Administrators,15-1242,260.00,$33.94,$50.14,$58.23,"$70,602","$104,280","$121,119"
Database Architects,15-1243,110.00,$41.20,$61.32,$71.38,"$85,695","$127,548","$148,475"
Network and Computer Systems Administrators,15-1244,"1,200.00",$33.71,$50.38,$58.71,"$70,127","$104,795","$122,128"
Computer Programmers,15-1251,270.00,$35.24,$54.69,$64.42,"$73,294","$113,761","$133,994"
Software Developers,15-1252,"7,010.00",$39.26,$62.38,$73.95,"$81,667","$129,753","$153,796"
Software Quality Assurance Analysts and Testers,15-1253,880.00,$39.46,$56.71,$65.33,"$82,081","$117,958","$135,895"
Web Developers,15-1254,120.00,$25.57,$36.77,$42.37,"$53,171","$76,472","$88,121"
Web and Digital Interface Designers,15-1255,,$18.12,$31.70,$38.49,"$37,706","$65,932","$80,046"
"Computer Occupations, All Other",15-1299,820.00,$35.76,$57.36,$68.16,"$74,383","$119,311","$141,774"
Mathematical Science Occupations,15-2000,"1,000.00",$40.84,$59.31,$68.54,"$84,945","$123,356","$142,561"
Mathematicians,15-2021,20.00,,,,,,
Operations Research Analysts,15-2031,330.00,$44.00,$65.55,$76.33,"$91,515","$136,350","$158,767"
Statisticians,15-2041,20.00,$33.78,$49.95,$58.02,"$70,279","$103,887","$120,690"
Data Scientists,15-2051,630.00,$39.93,$56.17,$64.28,"$83,049","$116,822","$133,708"
Architecture and Engineering Occupations,17-0000,"20,060.00",$36.71,$61.80,$74.35,"$76,358","$128,553","$154,650"
"Architects, Surveyors, and Cartographers",17-1000,410.00,$26.71,$43.62,$52.06,"$55,561","$90,712","$108,287"
"Architects, Except Landscape and Naval",17-1011,180.00,$34.28,$52.51,$61.63,"$71,306","$109,238","$128,203"
Cartographers and Photogrammetrists,17-1021,10.00,$20.86,$32.29,$38.00,"$43,370","$67,159","$79,054"
Surveyors,17-1022,190.00,$23.72,$36.64,$43.10,"$49,356","$76,227","$89,662"
Engineers,17-2000,"17,220.00",$42.38,$66.06,$77.90,"$88,142","$137,403","$162,033"
Aerospace Engineers,17-2011,"4,580.00",$46.21,$71.04,$83.45,"$96,115","$147,762","$173,587"
Chemical Engineers,17-2041,80.00,$38.49,$52.32,$59.23,"$80,060","$108,810","$123,185"
Civil Engineers,17-2051,"1,250.00",$36.44,$56.91,$67.14,"$75,804","$118,370","$139,654"
Computer Hardware Engineers,17-2061,650.00,$45.45,$68.16,$79.52,"$94,542","$141,770","$165,383"
Electrical Engineers,17-2071,"2,240.00",$43.33,$66.56,$78.19,"$90,129","$138,465","$162,633"
"Electronics Engineers, Except Computer",17-2072,790.00,$45.81,$68.03,$79.14,"$95,300","$141,512","$164,618"
Environmental Engineers,17-2081,90.00,$39.12,$56.92,$65.82,"$81,389","$118,400","$136,906"
"Health and Safety Engineers, Except Mining Safety Engineers and Inspectors",17-2111,180.00,$45.68,$62.05,$70.24,"$95,019","$129,069","$146,094"
Industrial Engineers,17-2112,"1,790.00",$38.96,$57.06,$66.10,"$81,025","$118,675","$137,500"
Materials Engineers,17-2131,330.00,$44.91,$62.08,$70.67,"$93,425","$129,133","$146,988"
Mechanical Engineers,17-2141,"2,020.00",$39.30,$57.75,$66.96,"$81,751","$120,109","$139,288"
"Engineers, All Other",17-2199,"3,120.00",$47.70,$72.95,$85.58,"$99,207","$151,741","$178,007"
"Drafters, Engineering Technicians, and Mapping Technicians",17-3000,"2,440.00",$22.32,$34.83,$41.09,"$46,422","$72,449","$85,463"
Architectural and Civil Drafters,17-3011,240.00,$22.32,$29.13,$32.53,"$46,418","$60,583","$67,666"
Electrical and Electronics Drafters,17-3012,70.00,$20.21,$32.95,$39.31,"$42,024","$68,522","$81,771"
Mechanical Drafters,17-3013,130.00,$21.89,$36.68,$44.08,"$45,527","$76,294","$91,678"
Aerospace Engineering and Operations Technologists and Technicians,17-3021,130.00,$26.25,$37.11,$42.55,"$54,602","$77,207","$88,510"
Civil Engineering Technologists and Technicians,17-3022,180.00,$16.92,$26.42,$31.18,"$35,183","$54,961","$64,852"
Electrical and Electronic Engineering Technologists and Technicians,17-3023,870.00,$25.44,$37.15,$43.00,"$52,911","$77,259","$89,433"
Electro-Mechanical and Mechatronics Technologists and Technicians,17-3024,20.00,$30.29,$41.62,$47.28,"$63,008","$86,563","$98,340"
Environmental Engineering Technologists and Technicians,17-3025,,$23.26,$34.16,$39.62,"$48,394","$71,063","$82,399"
Industrial Engineering Technologists and Technicians,17-3026,110.00,$23.34,$31.96,$36.28,"$48,543","$66,491","$75,466"
Mechanical Engineering Technologists and Technicians,17-3027,120.00,$22.80,$35.58,$41.96,"$47,421","$73,996","$87,284"
"Engineering Technologists and Technicians, Except Drafters, All Other",17-3029,250.00,$31.04,$46.53,$54.27,"$64,566","$96,785","$112,894"
Surveying and Mapping Technicians,17-3031,210.00,$18.98,$24.06,$26.59,"$39,470","$50,032","$55,314"
"Life, Physical, and Social Science Occupations",19-0000,"2,240.00",$25.96,$47.89,$58.85,"$54,002","$99,603","$122,403"
Life Scientists,19-1000,500.00,$26.67,$44.23,$53.02,"$55,468","$92,003","$110,271"
Biochemists and Biophysicists,19-1021,20.00,$28.07,$49.43,$60.09,"$58,388","$102,796","$125,000"
Zoologists and Wildlife Biologists,19-1023,,$24.23,$31.95,$35.82,"$50,388","$66,461","$74,497"
"Biological Scientists, All Other",19-1029,60.00,$26.08,$39.90,$46.80,"$54,253","$82,983","$97,349"
"Medical Scientists, Except Epidemiologists",19-1042,330.00,$27.57,$46.97,$56.67,"$57,333","$97,688","$117,866"
Physical Scientists,19-2000,780.00,$32.54,$58.61,$71.64,"$67,682","$121,904","$149,014"
Physicists,19-2012,250.00,$41.99,$67.43,$80.15,"$87,342","$140,258","$166,715"
Atmospheric and Space Scientists,19-2021,160.00,$24.73,$43.27,$52.55,"$51,432","$90,009","$109,297"
Chemists,19-2031,120.00,$44.09,$65.75,$76.57,"$91,706","$136,745","$159,266"
"Environmental Scientists and Specialists, Including Health",19-2041,110.00,$26.27,$42.80,$51.07,"$54,629","$89,022","$106,218"
"Geoscientists, Except Hydrologists and Geographers",19-2042,30.00,$28.94,$46.19,$54.82,"$60,189","$96,073","$114,014"
"Physical Scientists, All Other",19-2099,70.00,$52.00,$74.51,$85.77,"$108,170","$154,981","$178,385"
Social Scientists and Related Workers,19-3000,400.00,$30.12,$49.03,$58.47,"$62,661","$101,972","$121,628"
Clinical and Counseling Psychologists,19-3033,40.00,$31.04,$56.83,$69.72,"$64,564","$118,194","$145,008"
School Psychologists,19-3034,,$36.27,$37.52,$38.15,"$75,428","$78,051","$79,362"
Urban and Regional Planners,19-3051,50.00,$30.39,$45.73,$53.40,"$63,222","$95,127","$111,081"
"Life, Physical, and Social Science Technicians",19-4000,280.00,$18.65,$26.20,$29.99,"$38,781","$54,512","$62,379"
Biological Technicians,19-4021,,$17.89,$22.96,$25.49,"$37,208","$47,753","$53,027"
Chemical Technicians,19-4031,80.00,$18.86,$25.52,$28.86,"$39,215","$53,092","$60,031"
"Environmental Science and Protection Technicians, Including Health",19-4042,60.00,$17.80,$24.41,$27.72,"$37,017","$50,781","$57,664"
Forensic Science Technicians,19-4092,30.00,$21.02,$34.21,$40.80,"$43,729","$71,159","$84,872"
"Life, Physical, and Social Science Technicians, All Other",19-4099,30.00,$20.70,$30.27,$35.05,"$43,062","$62,965","$72,917"
Occupational Health and Safety Specialists and Technicians,19-5000,280.00,$27.46,$44.18,$52.55,"$57,111","$91,894","$109,286"
Occupational Health and Safety Specialists,19-5011,240.00,$29.03,$45.73,$54.09,"$60,385","$95,127","$112,499"
Occupational Health and Safety Technicians,19-5012,30.00,$23.89,$32.56,$36.89,"$49,695","$67,719","$76,731"
Community and Social Service Occupations,21-0000,"1,970.00",$18.35,$27.47,$32.03,"$38,174","$57,136","$66,617"
"Counselors, Social Workers, and Other Community and Social Service Specialists",21-1000,"1,900.00",$18.27,$27.41,$31.98,"$37,989","$57,016","$66,531"
"Educational, Guidance, and Career Counselors and Advisors",21-1012,460.00,$21.05,$30.50,$35.22,"$43,796","$63,432","$73,251"
Rehabilitation Counselors,21-1015,30.00,$19.11,$28.61,$33.37,"$39,752","$59,516","$69,397"
"Substance abuse, behavioral disorder, and mental health counselors",21-1018,250.00,$19.52,$27.01,$30.76,"$40,593","$56,182","$63,976"
"Child, Family, and School Social Workers",21-1021,480.00,$19.18,$25.32,$28.38,"$39,903","$52,652","$59,027"
Healthcare Social Workers,21-1022,190.00,$23.13,$30.25,$33.82,"$48,097","$62,918","$70,328"
Health Education Specialists,21-1091,70.00,$24.32,$36.41,$42.45,"$50,577","$75,731","$88,306"
Probation Officers and Correctional Treatment Specialists,21-1092,110.00,$19.02,$27.86,$32.28,"$39,565","$57,951","$67,145"
Social and Human Service Assistants,21-1093,230.00,$12.96,$17.47,$19.73,"$26,969","$36,355","$41,049"
Religious Workers,21-2000,60.00,$21.91,$29.18,$32.81,"$45,574","$60,694","$68,253"
Clergy,21-2011,40.00,$22.01,$29.28,$32.93,"$45,779","$60,914","$68,483"
"Directors, Religious Activities and Education",21-2021,20.00,$22.07,$28.97,$32.42,"$45,909","$60,257","$67,430"
Legal Occupations,23-0000,"1,180.00",$19.65,$48.82,$63.39,"$40,884","$101,539","$131,867"
"Lawyers, Judges, and Related Workers",23-1000,600.00,$36.07,$71.89,$89.81,"$75,013","$149,538","$186,801"
Lawyers,23-1011,570.00,$38.00,$73.11,$90.65,"$79,047","$152,054","$188,558"
"Judges, Magistrate Judges, and Magistrates",23-1023,30.00,$22.44,$51.80,$66.49,"$46,657","$107,750","$138,297"
Legal Support Workers,23-2000,580.00,$16.55,$24.74,$28.82,"$34,430","$51,450","$59,959"
Paralegals and Legal Assistants,23-2011,500.00,$16.33,$23.68,$27.36,"$33,975","$49,263","$56,908"
"Title Examiners, Abstractors, and Searchers",23-2093,70.00,$21.23,$26.33,$28.89,"$44,168","$54,778","$60,083"
Educational Instruction and Library Occupations,25-0000,"10,820.00",$12.81,$26.45,$33.27,"$26,648","$55,013","$69,196"
Postsecondary Teachers,25-1000,"1,730.00",,,,"$50,285","$78,160","$92,097"
"Business Teachers, Postsecondary",25-1011,170.00,,,,"$37,629","$84,314","$107,656"
"Computer Science Teachers, Postsecondary",25-1021,70.00,,,,"$59,362","$100,126","$120,508"
"Mathematical Science Teachers, Postsecondary",25-1022,160.00,,,,"$50,386","$67,987","$76,787"
"Biological Science Teachers, Postsecondary",25-1042,100.00,,,,"$60,401","$78,787","$87,980"
"Chemistry Teachers, Postsecondary",25-1052,20.00,,,,"$69,891","$84,833","$92,305"
"Physics Teachers, Postsecondary",25-1054,30.00,,,,"$77,653","$98,484","$108,900"
"Economics Teachers, Postsecondary",25-1063,10.00,,,,"$58,033","$108,668","$133,987"
"Psychology Teachers, Postsecondary",25-1066,40.00,,,,"$61,575","$78,815","$87,435"
"Sociology Teachers, Postsecondary",25-1067,30.00,,,,"$48,747","$62,764","$69,773"
"Health Specialties Teachers, Postsecondary",25-1071,50.00,,,,"$56,491","$105,939","$130,664"
"Nursing Instructors and Teachers, Postsecondary",25-1072,120.00,,,,"$68,758","$81,920","$88,501"
"Education Teachers, Postsecondary",25-1081,150.00,,,,"$46,755","$66,727","$76,713"
"Social Work Teachers, Postsecondary",25-1113,40.00,,,,"$56,273","$71,263","$78,758"
"Art, Drama, and Music Teachers, Postsecondary",25-1121,110.00,,,,"$50,862","$66,980","$75,040"
"Communications Teachers, Postsecondary",25-1122,20.00,,,,"$46,661","$56,614","$61,592"
"English Language and Literature Teachers, Postsecondary",25-1123,160.00,,,,"$51,144","$66,657","$74,414"
"History Teachers, Postsecondary",25-1125,40.00,,,,"$44,598","$58,830","$65,947"
"Philosophy and Religion Teachers, Postsecondary",25-1126,20.00,,,,"$46,922","$61,726","$69,128"
"Career/Technical Education Teachers, Postsecondary",25-1194,140.00,$22.03,$30.33,$34.49,"$45,827","$63,094","$71,728"
"Postsecondary Teachers, All Other",25-1199,20.00,,,,"$49,469","$69,960","$80,205"
"Preschool, Elementary, Middle, Secondary, and Special Education Teachers",25-2000,"5,110.00",,,,"$42,646","$60,122","$68,860"
"Preschool Teachers, Except Special Education",25-2011,560.00,$11.88,$15.21,$16.87,"$24,716","$31,632","$35,090"
"Elementary School Teachers, Except Special Education",25-2021,"1,550.00",,,,"$47,768","$61,238","$67,973"
"Middle School Teachers, Except Special and Career/Technical Education",25-2022,980.00,,,,"$53,802","$64,487","$69,831"
"Career/Technical Education Teachers, Middle School",25-2023,90.00,,,,"$39,514","$56,823","$65,478"
"Secondary School Teachers, Except Special and Career/Technical Education",25-2031,"1,570.00",,,,"$53,883","$65,952","$71,987"
"Special Education Teachers, Kindergarten and Elementary School",25-2052,100.00,,,,"$49,705","$61,734","$67,749"
"Special Education Teachers, Secondary School",25-2058,120.00,,,,"$53,581","$64,928","$70,602"
Other Teachers and Instructors,25-3000,"1,550.00",$10.04,$17.59,$21.37,"$20,894","$36,594","$44,444"
"Adult Basic Education, Adult Secondary Education, and English as a Second Language Instructors",25-3011,60.00,$17.36,$20.83,$22.56,"$36,113","$43,328","$46,935"
Self-Enrichment Teachers,25-3021,370.00,$14.05,$22.80,$27.18,"$29,229","$47,432","$56,534"
"Substitute Teachers, Short-Term",25-3031,,$9.36,$11.53,$12.61,"$19,471","$23,969","$26,218"
Tutors,25-3041,120.00,$14.74,$20.31,$23.10,"$30,671","$42,253","$48,043"
"Teachers and Instructors, All Other",25-3099,130.00,,,,"$48,581","$81,561","$98,050"
"Librarians, Curators, and Archivists",25-4000,700.00,$20.51,$29.69,$34.28,"$42,659","$61,752","$71,298"
Curators,25-4012,20.00,$19.04,$28.07,$32.57,"$39,612","$58,372","$67,752"
Librarians and Media Collections Specialists,25-4022,,$26.64,$32.11,$34.84,"$55,426","$66,795","$72,479"
Library Technicians,25-4031,30.00,$15.39,$17.98,$19.27,"$32,012","$37,397","$40,090"
Other Educational Instruction and Library Occupations,25-9000,"1,720.00",,,,"$18,778","$30,477","$36,326"
Farm and Home Management Educators,25-9021,60.00,$23.49,$32.93,$37.65,"$48,867","$68,491","$78,303"
Instructional Coordinators,25-9031,170.00,$22.47,$33.16,$38.51,"$46,731","$68,967","$80,085"
"Teaching Assistants, Postsecondary",25-9044,580.00,,,,"$18,623","$21,236","$22,543"
"Teaching Assistants, Except Postsecondary",25-9045,890.00,,,,"$21,540","$25,610","$27,646"
"Arts, Design, Entertainment, Sports, and Media Occupations",27-0000,"2,530.00",$16.26,$32.28,$40.29,"$33,812","$67,131","$83,790"
Art and Design Workers,27-1000,790.00,$16.19,$27.44,$33.07,"$33,662","$57,086","$68,798"
Commercial and Industrial Designers,27-1021,10.00,$32.32,$38.66,$41.85,"$67,216","$80,428","$87,034"
Floral Designers,27-1023,60.00,$12.49,$17.30,$19.70,"$25,974","$35,975","$40,975"
Graphic Designers,27-1024,260.00,$18.66,$31.61,$38.09,"$38,811","$65,749","$79,218"
Interior Designers,27-1025,80.00,$22.35,$37.76,$45.47,"$46,483","$78,545","$94,576"
Merchandise Displayers and Window Trimmers,27-1026,310.00,$15.62,$20.60,$23.10,"$32,486","$42,857","$48,042"
"Entertainers and Performers, Sports and Related Workers",27-2000,550.00,$13.84,$29.44,$37.24,"$28,799","$61,237","$77,456"
Producers and Directors,27-2012,140.00,$21.65,$35.89,$43.02,"$45,024","$74,654","$89,471"
Coaches and Scouts,27-2022,270.00,,,,"$24,913","$48,317","$60,019"
Media and Communication Workers,27-3000,940.00,$22.34,$39.54,$48.14,"$46,474","$82,248","$100,135"
Broadcast Announcers and Radio Disc Jockeys,27-3011,50.00,$12.39,$24.84,$31.08,"$25,751","$51,680","$64,645"
Public Relations Specialists,27-3031,310.00,$24.37,$40.81,$49.04,"$50,689","$84,889","$101,990"
Editors,27-3041,40.00,$15.91,$34.25,$43.41,"$33,101","$71,227","$90,288"
Technical Writers,27-3042,380.00,$32.13,$44.97,$51.38,"$66,840","$93,530","$106,875"
Writers and Authors,27-3043,30.00,$20.05,$38.30,$47.42,"$41,707","$79,652","$98,625"
Interpreters and Translators,27-3091,30.00,$12.36,$21.99,$26.79,"$25,712","$45,725","$55,731"
Court Reporters and Simultaneous Captioners,27-3092,10.00,$25.32,$34.66,$39.33,"$52,650","$72,097","$81,820"
Media and Communication Equipment Workers,27-4000,250.00,$13.73,$26.40,$32.75,"$28,543","$54,930","$68,122"
Audio and Video Technicians,27-4011,80.00,$12.05,$22.98,$28.45,"$25,074","$47,808","$59,173"
Broadcast Technicians,27-4012,30.00,$16.74,$25.70,$30.18,"$34,812","$53,460","$62,785"
Photographers,27-4021,90.00,$13.53,$21.11,$24.89,"$28,136","$43,893","$51,772"
"Camera Operators, Television, Video, and Film",27-4031,20.00,$21.14,$25.41,$27.55,"$43,959","$52,853","$57,299"
Film and Video Editors,27-4032,20.00,$17.62,$31.41,$38.30,"$36,643","$65,326","$79,668"
Healthcare Practitioners and Technical Occupations,29-0000,"16,510.00",$21.46,$42.74,$53.37,"$44,644","$88,893","$111,018"
Healthcare Diagnosing or Treating Practitioners,29-1000,"10,850.00",$28.76,$52.22,$63.95,"$59,820","$108,614","$133,011"
Chiropractors,29-1011,80.00,$23.91,$44.84,$55.30,"$49,747","$93,260","$115,016"
Dietitians and Nutritionists,29-1031,100.00,$23.21,$33.42,$38.52,"$48,283","$69,505","$80,116"
Optometrists,29-1041,50.00,$37.17,$64.23,$77.77,"$77,300","$133,608","$161,762"
Pharmacists,29-1051,610.00,$46.60,$64.64,$73.66,"$96,920","$134,456","$153,224"
Physician Assistants,29-1071,60.00,$48.80,$61.24,$67.44,"$101,504","$127,362","$140,289"
Occupational Therapists,29-1122,120.00,$38.14,$47.98,$52.90,"$79,330","$99,800","$110,035"
Physical Therapists,29-1123,290.00,$35.12,$49.42,$56.57,"$73,057","$102,792","$117,660"
Recreational Therapists,29-1125,20.00,$25.11,$29.44,$31.61,"$52,228","$61,243","$65,751"
Respiratory Therapists,29-1126,260.00,$24.76,$33.49,$37.87,"$51,493","$69,670","$78,758"
Speech-Language Pathologists,29-1127,220.00,$29.58,$39.20,$44.00,"$61,514","$81,528","$91,534"
Veterinarians,29-1131,150.00,$37.50,$55.37,$64.30,"$78,006","$115,167","$133,748"
Registered Nurses,29-1141,"6,590.00",$27.59,$36.87,$41.52,"$57,383","$76,705","$86,366"
Nurse Anesthetists,29-1151,210.00,$92.18,$103.75,$109.53,"$191,748","$215,802","$227,829"
Nurse Practitioners,29-1171,720.00,$47.35,$55.45,$59.50,"$98,485","$115,326","$123,747"
Audiologists,29-1181,20.00,,,,,,
Family Medicine Physicians,29-1215,,$83.99,$102.19,$111.30,"$174,690","$212,568","$231,507"
"Physicians, All Other",29-1229,440.00,$85.43,$147.03,$177.83,"$177,702","$305,827","$369,889"
"Ophthalmologists, Except Pediatric",29-1241,,$91.36,$105.54,$112.63,"$190,014","$219,522","$234,276"
Dental Hygienists,29-1292,290.00,$24.78,$30.14,$32.82,"$51,539","$62,692","$68,268"
Health Technologists and Technicians,29-2000,"5,490.00",$16.65,$24.49,$28.40,"$34,635","$50,936","$59,086"
Clinical Laboratory Technologists and Technicians,29-2010,650.00,$16.71,$25.77,$30.30,"$34,756","$53,596","$63,017"
Cardiovascular Technologists and Technicians,29-2031,220.00,$15.27,$26.81,$32.58,"$31,772","$55,771","$67,770"
Diagnostic Medical Sonographers,29-2032,120.00,$28.37,$35.05,$38.40,"$59,014","$72,917","$79,869"
Nuclear Medicine Technologists,29-2033,50.00,$31.74,$38.93,$42.51,"$66,034","$80,959","$88,421"
Radiologic Technologists and Technicians,29-2034,450.00,$19.08,$29.05,$34.05,"$39,676","$60,435","$70,814"
Magnetic Resonance Imaging Technologists,29-2035,90.00,$28.54,$35.89,$39.56,"$59,357","$74,643","$82,286"
Pharmacy Technicians,29-2052,910.00,$16.95,$20.69,$22.56,"$35,252","$43,030","$46,920"
Psychiatric Technicians,29-2053,260.00,$16.07,$18.64,$19.91,"$33,429","$38,760","$41,425"
Surgical Technologists,29-2055,420.00,$17.77,$26.04,$30.18,"$36,951","$54,165","$62,770"
Veterinary Technologists and Technicians,29-2056,310.00,$14.05,$17.35,$19.00,"$29,228","$36,093","$39,526"
Ophthalmic Medical Technicians,29-2057,200.00,$16.49,$20.01,$21.77,"$34,304","$41,614","$45,269"
Licensed Practical and Licensed Vocational Nurses,29-2061,950.00,$20.00,$27.18,$30.77,"$41,599","$56,529","$63,994"
Medical Records Specialists,29-2072,400.00,$16.44,$22.90,$26.12,"$34,191","$47,618","$54,331"
"Opticians, Dispensing",29-2081,100.00,$16.08,$20.67,$22.95,"$33,454","$42,979","$47,743"
Other Healthcare Practitioners and Technical Occupations,29-9000,160.00,$18.76,$26.13,$29.83,"$39,031","$54,365","$62,031"
Athletic Trainers,29-9091,60.00,,,,"$41,009","$54,350","$61,021"
Surgical Assistants,29-9093,70.00,$17.24,$22.25,$24.75,"$35,860","$46,274","$51,481"
"Healthcare Practitioners and Technical Workers, All Other",29-9099,,$24.08,$35.30,$40.91,"$50,093","$73,439","$85,111"
Healthcare Support Occupations,31-0000,"8,160.00",$13.17,$17.45,$19.59,"$27,405","$36,301","$40,749"
"Home Health and Personal Care Aides; and Nursing Assistants, Orderlies, and Psychiatric Aides",31-1100,"4,730.00",$12.38,$15.76,$17.47,"$25,751","$32,800","$36,325"
Home Health and Personal Care Aides,31-1120,"2,000.00",$11.50,$13.95,$15.17,"$23,919","$29,011","$31,558"
Nursing Assistants,31-1131,"2,590.00",$13.88,$17.05,$18.64,"$28,872","$35,463","$38,760"
Occupational Therapy and Physical Therapist Assistants and Aides,31-2000,330.00,$15.74,$28.39,$34.72,"$32,753","$59,056","$72,208"
Occupational Therapy Assistants,31-2011,40.00,$27.82,$33.47,$36.31,"$57,854","$69,629","$75,515"
Physical Therapist Assistants,31-2021,220.00,$26.24,$33.16,$36.62,"$54,578","$68,975","$76,174"
Physical Therapist Aides,31-2022,80.00,$10.65,$13.12,$14.36,"$22,156","$27,299","$29,871"
Other Healthcare Support Occupations,31-9000,"3,100.00",$15.27,$18.85,$20.63,"$31,771","$39,197","$42,909"
Dental Assistants,31-9091,520.00,$15.97,$20.78,$23.18,"$33,225","$43,219","$48,215"
Medical Assistants,31-9092,"1,750.00",$15.51,$18.23,$19.59,"$32,271","$37,925","$40,752"
Medical Equipment Preparers,31-9093,60.00,$15.93,$18.98,$20.51,"$33,140","$39,491","$42,666"
Medical Transcriptionists,31-9094,70.00,$14.38,$19.67,$22.32,"$29,923","$40,928","$46,430"
Pharmacy Aides,31-9095,80.00,$16.45,$18.04,$18.84,"$34,217","$37,522","$39,175"
Veterinary Assistants and Laboratory Animal Caretakers,31-9096,150.00,$13.68,$16.40,$17.76,"$28,460","$34,117","$36,946"
Phlebotomists,31-9097,320.00,$15.40,$18.13,$19.49,"$32,030","$37,704","$40,541"
"Healthcare Support Workers, All Other",31-9099,120.00,$15.24,$20.72,$23.46,"$31,694","$43,086","$48,783"
Protective Service Occupations,33-0000,"4,840.00",$16.03,$26.88,$32.30,"$33,337","$55,907","$67,191"
Supervisors of Protective Service Workers,33-1000,570.00,$20.59,$36.87,$45.01,"$42,829","$76,694","$93,626"
First-Line Supervisors of Correctional Officers,33-1011,40.00,$29.03,$41.25,$47.37,"$60,381","$85,809","$98,523"
First-Line Supervisors of Police and Detectives,33-1012,110.00,$31.20,$52.17,$62.67,"$64,901","$108,530","$130,345"
First-Line Supervisors of Firefighting and Prevention Workers,33-1021,160.00,$31.83,$38.27,$41.49,"$66,207","$79,607","$86,308"
First-Line Supervisors of Security Workers,33-1091,240.00,$18.85,$27.91,$32.44,"$39,213","$58,048","$67,465"
"First-Line Supervisors of Protective Service Workers, All Other",33-1099,10.00,$31.71,$40.02,$44.18,"$65,946","$83,235","$91,881"
Firefighting and Prevention Workers,33-2000,500.00,$20.30,$25.55,$28.18,"$42,229","$53,151","$58,612"
Firefighters,33-2011,500.00,$20.30,$25.55,$28.18,"$42,229","$53,151","$58,612"
Law Enforcement Workers,33-3000,"1,640.00",$21.97,$32.82,$38.26,"$45,699","$68,285","$79,579"
Correctional Officers and Jailers,33-3012,400.00,$19.40,$26.21,$29.61,"$40,364","$54,508","$61,580"
Detectives and Criminal Investigators,33-3021,200.00,$26.92,$50.36,$62.07,"$55,996","$104,749","$129,125"
Police and Sheriff's Patrol Officers,33-3051,"1,000.00",$24.29,$32.18,$36.13,"$50,529","$66,938","$75,142"
Other Protective Service Workers,33-9000,"2,130.00",$14.19,$19.94,$22.81,"$29,513","$41,464","$47,440"
Animal Control Workers,33-9011,20.00,$17.26,$22.72,$25.44,"$35,896","$47,243","$52,916"
Private Detectives and Investigators,33-9021,40.00,$18.26,$24.34,$27.38,"$37,986","$50,623","$56,942"
Security Guards,33-9032,"1,750.00",$14.31,$19.90,$22.70,"$29,769","$41,398","$47,213"
Crossing Guards and Flaggers,33-9091,20.00,$12.91,$15.39,$16.63,"$26,862","$32,012","$34,586"
"Lifeguards, Ski Patrol, and Other Recreational Protective Service Workers",33-9092,90.00,$11.92,$14.30,$15.49,"$24,799","$29,749","$32,224"
"Protective Service Workers, All Other",33-9099,100.00,$15.61,$19.81,$21.91,"$32,463","$41,199","$45,568"
Food Preparation and Serving Related Occupations,35-0000,"20,220.00",$10.51,$14.95,$17.18,"$21,849","$31,099","$35,724"
Supervisors of Food Preparation and Serving Workers,35-1000,"2,450.00",$14.93,$21.22,$24.38,"$31,049","$44,150","$50,700"
Chefs and Head Cooks,35-1011,130.00,$20.60,$32.70,$38.74,"$42,851","$68,007","$80,585"
First-Line Supervisors of Food Preparation and Serving Workers,35-1012,"2,320.00",$14.85,$20.59,$23.46,"$30,900","$42,829","$48,794"
Cooks and Food Preparation Workers,35-2000,"7,670.00",$11.42,$14.92,$16.66,"$23,750","$31,024","$34,661"
"Cooks, Fast Food",35-2011,"2,990.00",$11.82,$14.15,$15.31,"$24,587","$29,438","$31,863"
"Cooks, Institution and Cafeteria",35-2012,880.00,$10.49,$14.34,$16.27,"$21,817","$29,823","$33,825"
"Cooks, Restaurant",35-2014,"2,040.00",$12.98,$16.78,$18.67,"$27,016","$34,890","$38,826"
"Cooks, Short Order",35-2015,130.00,$11.92,$16.18,$18.32,"$24,782","$33,661","$38,101"
Food Preparation Workers,35-2021,"1,630.00",$10.63,$14.20,$15.97,"$22,118","$29,525","$33,228"
Food and Beverage Serving Workers,35-3000,"8,640.00",$9.68,$13.51,$15.42,"$20,131","$28,085","$32,063"
Bartenders,35-3011,770.00,$8.96,$13.98,$16.50,"$18,626","$29,081","$34,309"
Fast Food and Counter Workers,35-3023,"4,490.00",$10.65,$13.69,$15.21,"$22,165","$28,487","$31,647"
Waiters and Waitresses,35-3031,"3,070.00",$8.66,$12.98,$15.14,"$18,006","$26,995","$31,490"
"Food Servers, Nonrestaurant",35-3041,310.00,$12.49,$14.69,$15.79,"$25,989","$30,549","$32,829"
Other Food Preparation and Serving Related Workers,35-9000,"1,450.00",$9.92,$13.19,$14.82,"$20,642","$27,440","$30,840"
Dining Room and Cafeteria Attendants and Bartender Helpers,35-9011,490.00,$8.37,$11.85,$13.59,"$17,424","$24,659","$28,276"
Dishwashers,35-9021,420.00,$12.27,$14.79,$16.06,"$25,529","$30,773","$33,396"
"Hosts and Hostesses, Restaurant, Lounge, and Coffee Shop",35-9031,530.00,$10.76,$13.18,$14.39,"$22,368","$27,412","$29,933"
Building and Grounds Cleaning and Maintenance Occupations,37-0000,"5,860.00",$12.54,$17.51,$19.99,"$26,096","$36,414","$41,573"
Supervisors of Building and Grounds Cleaning and Maintenance Workers,37-1000,570.00,$18.51,$26.05,$29.81,"$38,508","$54,185","$62,023"
First-Line Supervisors of Housekeeping and Janitorial Workers,37-1011,330.00,$17.26,$23.65,$26.85,"$35,898","$49,187","$55,832"
"First-Line Supervisors of Landscaping, Lawn Service, and Groundskeeping Workers",37-1012,240.00,$22.31,$29.41,$32.96,"$46,402","$61,176","$68,563"
Building Cleaning and Pest Control Workers,37-2000,"3,830.00",$11.79,$15.77,$17.76,"$24,517","$32,801","$36,943"
"Janitors and Cleaners, Except Maids and Housekeeping Cleaners",37-2011,"2,770.00",$11.87,$15.77,$17.72,"$24,686","$32,804","$36,863"
Maids and Housekeeping Cleaners,37-2012,800.00,$11.24,$13.83,$15.13,"$23,371","$28,766","$31,463"
Grounds Maintenance Workers,37-3000,"1,460.00",$14.76,$18.72,$20.70,"$30,692","$38,933","$43,054"
Landscaping and Groundskeeping Workers,37-3011,"1,340.00",$14.76,$18.49,$20.36,"$30,699","$38,472","$42,358"
"Pesticide Handlers, Sprayers, and Applicators, Vegetation",37-3012,,$18.27,$21.42,$22.99,"$38,014","$44,553","$47,823"
Tree Trimmers and Pruners,37-3013,90.00,$15.60,$20.81,$23.43,"$32,442","$43,299","$48,726"
"Grounds Maintenance Workers, All Other",37-3019,20.00,$14.03,$22.65,$26.97,"$29,185","$47,130","$56,102"
Personal Care and Service Occupations,39-0000,"4,400.00",$10.47,$15.76,$18.41,"$21,778","$32,789","$38,295"
Supervisors of Personal Care and Service Workers,39-1000,420.00,$14.64,$22.31,$26.14,"$30,433","$46,393","$54,373"
"First-Line Supervisors of Entertainment and Recreation Workers, Except Gambling Services",39-1014,280.00,$15.72,$23.20,$26.93,"$32,692","$48,240","$56,014"
First-Line Supervisors of Personal Service Workers,39-1022,150.00,$12.89,$20.64,$24.50,"$26,811","$42,915","$50,968"
Animal Care and Service Workers,39-2000,530.00,$11.62,$16.59,$19.08,"$24,169","$34,514","$39,687"
Animal Caretakers,39-2021,500.00,$11.50,$15.84,$18.00,"$23,919","$32,939","$37,449"
Entertainment Attendants and Related Workers,39-3000,"1,020.00",$9.65,$11.99,$13.16,"$20,064","$24,942","$27,381"
Amusement and Recreation Attendants,39-3091,890.00,$9.58,$11.98,$13.18,"$19,909","$24,921","$27,427"
Personal Appearance Workers,39-5000,750.00,$10.35,$16.13,$19.02,"$21,533","$33,542","$39,547"
"Hairdressers, Hairstylists, and Cosmetologists",39-5012,550.00,$10.06,$15.77,$18.63,"$20,911","$32,802","$38,747"
Skincare Specialists,39-5094,,$14.26,$20.92,$24.24,"$29,662","$43,509","$50,432"
"Baggage Porters, Bellhops, and Concierges",39-6000,20.00,$13.61,$15.73,$16.80,"$28,312","$32,730","$34,940"
Concierges,39-6012,10.00,$13.67,$15.74,$16.78,"$28,448","$32,751","$34,902"
Tour and Travel Guides,39-7000,60.00,$13.49,$15.74,$16.88,"$28,055","$32,756","$35,106"
,39-7010,60.00,$13.49,$15.74,$16.88,"$28,055","$32,756","$35,106"
Other Personal Care and Service Workers,39-9000,"1,490.00",$10.89,$15.73,$18.16,"$22,661","$32,731","$37,766"
Childcare Workers,39-9011,430.00,$10.50,$13.01,$14.27,"$21,833","$27,071","$29,691"
Exercise Trainers and Group Fitness Instructors,39-9031,330.00,$11.49,$20.52,$25.04,"$23,895","$42,684","$52,078"
Recreation Workers,39-9032,440.00,$12.37,$15.86,$17.59,"$25,730","$32,980","$36,604"
Residential Advisors,39-9041,240.00,$11.65,$14.51,$15.94,"$24,227","$30,175","$33,149"
Sales and Related Occupations,41-0000,"20,410.00",$12.49,$23.03,$28.31,"$25,996","$47,909","$58,867"
Supervisors of Sales Workers,41-1000,"2,470.00",$15.79,$26.67,$32.11,"$32,837","$55,473","$66,791"
First-Line Supervisors of Retail Sales Workers,41-1011,"2,260.00",$15.53,$25.94,$31.15,"$32,306","$53,955","$64,780"
First-Line Supervisors of Non-Retail Sales Workers,41-1012,210.00,$21.85,$34.61,$41.00,"$45,435","$71,991","$85,269"
Retail Sales Workers,41-2000,"12,730.00",$11.64,$16.12,$18.37,"$24,214","$33,542","$38,207"
Cashiers,41-2011,"4,630.00",$10.71,$13.96,$15.59,"$22,284","$29,048","$32,430"
Counter and Rental Clerks,41-2021,720.00,$13.07,$18.09,$20.61,"$27,184","$37,632","$42,858"
Parts Salespersons,41-2022,520.00,$13.35,$19.21,$22.16,"$27,752","$39,970","$46,078"
Retail Salespersons,41-2031,"6,860.00",$12.20,$17.14,$19.61,"$25,387","$35,657","$40,792"
"Sales Representatives, Services",41-3000,"2,740.00",$20.54,$38.93,$48.12,"$42,722","$80,975","$100,100"
Advertising Sales Agents,41-3011,90.00,$12.51,$25.94,$32.65,"$26,027","$53,954","$67,919"
Insurance Sales Agents,41-3021,440.00,$20.18,$38.05,$47.00,"$41,969","$79,156","$97,750"
"Securities, Commodities, and Financial Services Sales Agents",41-3031,430.00,$21.25,$42.79,$53.55,"$44,196","$88,994","$111,393"
Travel Agents,41-3041,40.00,$22.68,$26.42,$28.30,"$47,179","$54,962","$58,855"
"Sales Representatives of Services, Except Advertising, Insurance, Financial Services, and Travel",41-3091,"1,750.00",$20.94,$39.11,$48.21,"$43,558","$81,360","$100,259"
"Sales Representatives, Wholesale and Manufacturing",41-4000,"1,970.00",$20.78,$39.47,$48.80,"$43,233","$82,087","$101,513"
"Sales Representatives, Wholesale and Manufacturing, Technical and Scientific Products",41-4011,250.00,$28.17,$54.65,$67.88,"$58,589","$113,654","$141,187"
"Sales Representatives, Wholesale and Manufacturing, Except Technical and Scientific Products",41-4012,"1,720.00",$20.39,$37.27,$45.72,"$42,408","$77,529","$95,089"
Other Sales and Related Workers,41-9000,500.00,$12.33,$29.12,$37.51,"$25,650","$60,572","$78,033"
Real Estate Sales Agents,41-9022,300.00,$11.98,$23.91,$29.87,"$24,931","$49,731","$62,131"
Sales Engineers,41-9031,60.00,$46.26,$63.87,$72.67,"$96,221","$132,854","$151,169"
Office and Administrative Support Occupations,43-0000,"22,400.00",$15.59,$22.79,$26.38,"$32,439","$47,392","$54,870"
Supervisors of Office and Administrative Support Workers,43-1000,"2,210.00",$22.71,$33.14,$38.36,"$47,239","$68,937","$79,786"
First-Line Supervisors of Office and Administrative Support Workers,43-1011,"2,210.00",$22.71,$33.14,$38.36,"$47,239","$68,937","$79,786"
Communications Equipment Operators,43-2000,110.00,$14.89,$17.58,$18.93,"$30,955","$36,566","$39,373"
"Switchboard Operators, Including Answering Service",43-2011,110.00,$14.83,$17.04,$18.13,"$30,862","$35,433","$37,719"
Financial Clerks,43-3000,"3,130.00",$16.73,$22.51,$25.41,"$34,782","$46,822","$52,841"
Bill and Account Collectors,43-3011,320.00,$18.20,$25.14,$28.61,"$37,861","$52,295","$59,512"
Billing and Posting Clerks,43-3021,460.00,$17.18,$21.36,$23.45,"$35,750","$44,433","$48,774"
"Bookkeeping, Accounting, and Auditing Clerks",43-3031,"1,580.00",$16.55,$22.97,$26.18,"$34,428","$47,779","$54,454"
Payroll and Timekeeping Clerks,43-3051,150.00,$18.40,$25.51,$29.07,"$38,277","$53,065","$60,459"
Procurement Clerks,43-3061,40.00,$22.08,$29.22,$32.80,"$45,928","$60,791","$68,221"
Tellers,43-3071,570.00,$16.44,$19.37,$20.83,"$34,191","$40,286","$43,333"
Information and Record Clerks,43-4000,"6,450.00",$14.62,$19.43,$21.84,"$30,396","$40,424","$45,439"
"Court, Municipal, and License Clerks",43-4031,190.00,$15.38,$21.20,$24.11,"$31,973","$44,087","$50,143"
"Credit Authorizers, Checkers, and Clerks",43-4041,20.00,$16.96,$24.93,$28.91,"$35,266","$51,851","$60,144"
Customer Service Representatives,43-4051,"3,630.00",$15.74,$20.05,$22.21,"$32,736","$41,705","$46,190"
"Eligibility Interviewers, Government Programs",43-4061,110.00,$18.63,$24.15,$26.91,"$38,750","$50,235","$55,976"
File Clerks,43-4071,30.00,$15.43,$19.24,$21.16,"$32,089","$40,026","$43,994"
"Hotel, Motel, and Resort Desk Clerks",43-4081,390.00,$11.97,$14.57,$15.88,"$24,895","$30,319","$33,032"
"Interviewers, Except Eligibility and Loan",43-4111,220.00,$15.19,$18.62,$20.33,"$31,595","$38,731","$42,298"
"Library Assistants, Clerical",43-4121,30.00,$10.31,$13.32,$14.82,"$21,443","$27,700","$30,828"
Loan Interviewers and Clerks,43-4131,190.00,$17.36,$22.66,$25.31,"$36,108","$47,135","$52,649"
Order Clerks,43-4151,20.00,$21.90,$25.52,$27.33,"$45,554","$53,080","$56,843"
"Human Resources Assistants, Except Payroll and Timekeeping",43-4161,70.00,$16.80,$22.39,$25.19,"$34,943","$46,582","$52,400"
Receptionists and Information Clerks,43-4171,"1,400.00",$13.54,$16.88,$18.56,"$28,145","$35,114","$38,599"
"Material Recording, Scheduling, Dispatching, and Distributing Workers",43-5000,"2,640.00",$18.24,$26.35,$30.41,"$37,956","$54,814","$63,242"
Couriers and Messengers,43-5021,110.00,$12.61,$17.37,$19.75,"$26,223","$36,131","$41,085"
Public Safety Telecommunicators,43-5031,180.00,$18.23,$22.52,$24.66,"$37,933","$46,845","$51,300"
"Dispatchers, Except Police, Fire, and Ambulance",43-5032,150.00,$17.28,$23.41,$26.47,"$35,947","$48,687","$55,057"
"Meter Readers, Utilities",43-5041,40.00,$18.08,$26.03,$30.01,"$37,595","$54,143","$62,417"
Postal Service Clerks,43-5051,100.00,$22.84,$30.12,$33.76,"$47,502","$62,635","$70,201"
Postal Service Mail Carriers,43-5052,670.00,$21.03,$29.04,$33.04,"$43,753","$60,401","$68,724"
"Postal Service Mail Sorters, Processors, and Processing Machine Operators",43-5053,50.00,$21.69,$28.93,$32.56,"$45,107","$60,187","$67,727"
"Production, Planning, and Expediting Clerks",43-5061,580.00,$22.17,$31.27,$35.82,"$46,120","$65,053","$74,519"
"Shipping, Receiving, and Inventory Clerks",43-5071,700.00,$16.37,$21.97,$24.76,"$34,058","$45,686","$51,501"
"Weighers, Measurers, Checkers, and Samplers, Recordkeeping",43-5111,30.00,$20.02,$24.68,$27.01,"$41,645","$51,335","$56,179"
Secretaries and Administrative Assistants,43-6000,"6,380.00",$16.09,$22.50,$25.70,"$33,480","$46,801","$53,461"
Executive Secretaries and Executive Administrative Assistants,43-6011,430.00,$25.86,$35.87,$40.87,"$53,805","$74,604","$85,004"
Legal Secretaries and Administrative Assistants,43-6012,140.00,$15.31,$21.78,$25.01,"$31,854","$45,300","$52,023"
Medical Secretaries and Administrative Assistants,43-6013,,$15.16,$19.49,$21.66,"$31,527","$40,544","$45,052"
"Secretaries and Administrative Assistants, Except Legal, Medical, and Executive",43-6014,"4,200.00",$16.41,$22.32,$25.27,"$34,135","$46,430","$52,577"
Other Office and Administrative Support Workers,43-9000,"1,470.00",$11.94,$17.75,$20.65,"$24,852","$36,909","$42,938"
Data Entry Keyers,43-9021,70.00,$15.55,$19.14,$20.94,"$32,346","$39,808","$43,539"
Word Processors and Typists,43-9022,20.00,$15.46,$21.85,$25.04,"$32,156","$45,443","$52,087"
Insurance Claims and Policy Processing Clerks,43-9041,110.00,$18.24,$21.31,$22.84,"$37,947","$44,320","$47,507"
"Mail Clerks and Mail Machine Operators, Except Postal Service",43-9051,40.00,$16.28,$20.65,$22.84,"$33,858","$42,953","$47,501"
"Office Clerks, General",43-9061,"1,170.00",$11.42,$16.65,$19.27,"$23,763","$34,651","$40,096"
"Office and Administrative Support Workers, All Other",43-9199,70.00,$17.97,$25.80,$29.71,"$37,379","$53,664","$61,806"
"Farming, Fishing, and Forestry Occupations",45-0000,160.00,$14.34,$19.38,$21.89,"$29,829","$40,301","$45,538"
"Supervisors of Farming, Fishing, and Forestry Workers",45-1000,20.00,$18.41,$25.44,$28.95,"$38,291","$52,910","$60,220"
"First-Line Supervisors of Farming, Fishing, and Forestry Workers",45-1011,20.00,$18.41,$25.44,$28.95,"$38,291","$52,910","$60,220"
Agricultural Workers,45-2000,120.00,$14.00,$17.96,$19.94,"$29,106","$37,352","$41,475"
Agricultural Equipment Operators,45-2091,30.00,$14.46,$16.95,$18.20,"$30,076","$35,266","$37,861"
"Farmworkers and Laborers, Crop, Nursery, and Greenhouse",45-2092,70.00,$14.88,$17.69,$19.09,"$30,950","$36,789","$39,710"
"Farmworkers, Farm, Ranch, and Aquacultural Animals",45-2093,20.00,$12.47,$18.73,$21.86,"$25,934","$38,953","$45,463"
Construction and Extraction Occupations,47-0000,"7,890.00",$17.59,$26.00,$30.20,"$36,589","$54,076","$62,819"
Supervisors of Construction and Extraction Workers,47-1000,"1,290.00",$23.68,$34.07,$39.26,"$49,249","$70,859","$81,665"
First-Line Supervisors of Construction Trades and Extraction Workers,47-1011,"1,290.00",$23.68,$34.07,$39.26,"$49,249","$70,859","$81,665"
Construction Trades Workers,47-2000,"5,770.00",$17.16,$24.52,$28.19,"$35,686","$50,984","$58,633"
Carpenters,47-2031,490.00,$18.78,$24.85,$27.90,"$39,052","$51,699","$58,021"
Tile and Stone Setters,47-2044,50.00,$17.17,$23.39,$26.50,"$35,724","$48,660","$55,127"
Cement Masons and Concrete Finishers,47-2051,190.00,$15.47,$22.69,$26.29,"$32,174","$47,181","$54,685"
Construction Laborers,47-2061,"1,530.00",$13.87,$19.30,$22.01,"$28,860","$40,149","$45,794"
"Paving, Surfacing, and Tamping Equipment Operators",47-2071,80.00,$19.92,$24.55,$26.85,"$41,436","$51,048","$55,855"
Operating Engineers and Other Construction Equipment Operators,47-2073,"1,090.00",$20.64,$25.72,$28.28,"$42,923","$53,515","$58,812"
Drywall and Ceiling Tile Installers,47-2081,80.00,$14.12,$22.30,$26.40,"$29,365","$46,387","$54,897"
Electricians,47-2111,840.00,$21.20,$28.87,$32.70,"$44,077","$60,044","$68,027"
Glaziers,47-2121,50.00,$16.81,$21.97,$24.56,"$34,977","$45,714","$51,083"
"Painters, Construction and Maintenance",47-2141,190.00,$17.13,$24.56,$28.27,"$35,635","$51,079","$58,800"
Pipelayers,47-2151,60.00,$19.59,$24.11,$26.35,"$40,745","$50,134","$54,828"
"Plumbers, Pipefitters, and Steamfitters",47-2152,760.00,$19.58,$27.98,$32.19,"$40,727","$58,203","$66,941"
Sheet Metal Workers,47-2211,120.00,$19.27,$27.36,$31.41,"$40,088","$56,918","$65,333"
"Helpers, Construction Trades",47-3000,340.00,$15.58,$19.29,$21.14,"$32,408","$40,128","$43,988"
"Helpers--Brickmasons, Blockmasons, Stonemasons, and Tile and Marble Setters",47-3011,10.00,$15.96,$18.03,$19.07,"$33,192","$37,506","$39,663"
Helpers--Electricians,47-3013,240.00,$16.47,$19.44,$20.93,"$34,244","$40,443","$43,543"
"Helpers--Pipelayers, Plumbers, Pipefitters, and Steamfitters",47-3015,50.00,$14.53,$20.17,$22.97,"$30,238","$41,936","$47,785"
Other Construction and Related Workers,47-4000,460.00,$19.13,$26.81,$30.64,"$39,777","$55,750","$63,735"
Construction and Building Inspectors,47-4011,160.00,$24.34,$32.29,$36.26,"$50,617","$67,159","$75,430"
Hazardous Materials Removal Workers,47-4041,20.00,$19.35,$24.53,$27.12,"$40,231","$51,018","$56,412"
Highway Maintenance Workers,47-4051,240.00,,,,,,
"Installation, Maintenance, and Repair Occupations",49-0000,"9,550.00",$19.23,$30.45,$36.06,"$40,001","$63,336","$75,004"
"Supervisors of Installation, Maintenance, and Repair Workers",49-1000,"1,100.00",$25.43,$39.39,$46.38,"$52,891","$81,940","$96,464"
"First-Line Supervisors of Mechanics, Installers, and Repairers",49-1011,"1,100.00",$25.43,$39.39,$46.38,"$52,891","$81,940","$96,464"
"Electrical and Electronic Equipment Mechanics, Installers, and Repairers",49-2000,800.00,$21.44,$30.85,$35.55,"$44,590","$64,165","$73,953"
"Computer, Automated Teller, and Office Machine Repairers",49-2011,100.00,$18.71,$24.63,$27.60,"$38,900","$51,234","$57,401"
"Telecommunications Equipment Installers and Repairers, Except Line Installers",49-2022,290.00,$22.18,$32.10,$37.06,"$46,142","$66,765","$77,077"
Avionics Technicians,49-2091,160.00,$30.23,$35.86,$38.68,"$62,875","$74,591","$80,449"
"Electrical and Electronics Repairers, Commercial and Industrial Equipment",49-2094,100.00,$22.17,$29.32,$32.89,"$46,119","$60,984","$68,417"
Audiovisual Equipment Installers and Repairers,49-2097,30.00,$18.02,$25.25,$28.87,"$37,485","$52,523","$60,043"
Security and Fire Alarm Systems Installers,49-2098,110.00,$20.36,$28.00,$31.82,"$42,340","$58,232","$66,179"
"Vehicle and Mobile Equipment Mechanics, Installers, and Repairers",49-3000,"2,600.00",$17.90,$27.57,$32.39,"$37,220","$57,330","$67,386"
Aircraft Mechanics and Service Technicians,49-3011,270.00,$26.07,$36.10,$41.11,"$54,226","$75,081","$85,508"
Automotive Body and Related Repairers,49-3021,140.00,$17.11,$24.86,$28.73,"$35,573","$51,708","$59,776"
Automotive Service Technicians and Mechanics,49-3023,920.00,$17.48,$27.03,$31.82,"$36,345","$56,229","$66,171"
Bus and Truck Mechanics and Diesel Engine Specialists,49-3031,510.00,$21.54,$28.09,$31.37,"$44,803","$58,441","$65,260"
Farm Equipment Mechanics and Service Technicians,49-3041,100.00,$19.22,$28.79,$33.56,"$39,993","$59,869","$69,808"
"Mobile Heavy Equipment Mechanics, Except Engines",49-3042,280.00,$23.97,$31.67,$35.51,"$49,852","$65,863","$73,868"
Motorcycle Mechanics,49-3052,20.00,$16.27,$27.29,$32.81,"$33,834","$56,763","$68,228"
Outdoor Power Equipment and Other Small Engine Mechanics,49-3053,40.00,$18.99,$24.09,$26.65,"$39,494","$50,123","$55,438"
Recreational Vehicle Service Technicians,49-3092,50.00,$13.71,$22.28,$26.57,"$28,517","$46,349","$55,266"
Tire Repairers and Changers,49-3093,210.00,$13.96,$17.21,$18.83,"$29,041","$35,791","$39,168"
"Other Installation, Maintenance, and Repair Occupations",49-9000,"5,040.00",$18.92,$29.92,$35.43,"$39,344","$62,243","$73,693"
Mechanical Door Repairers,49-9011,80.00,$19.46,$24.53,$27.05,"$40,491","$51,004","$56,260"
"Heating, Air Conditioning, and Refrigeration Mechanics and Installers",49-9021,730.00,$20.41,$27.82,$31.52,"$42,445","$57,862","$65,571"
Home Appliance Repairers,49-9031,40.00,$14.80,$20.54,$23.41,"$30,793","$42,720","$48,683"
Industrial Machinery Mechanics,49-9041,"1,630.00",$23.96,$36.98,$43.51,"$49,821","$76,934","$90,489"
Millwrights,49-9044,120.00,$28.59,$34.93,$38.10,"$59,460","$72,650","$79,245"
Electrical Power-Line Installers and Repairers,49-9051,220.00,$25.62,$41.44,$49.36,"$53,288","$86,200","$102,656"
Telecommunications Line Installers and Repairers,49-9052,160.00,$24.99,$32.81,$36.72,"$51,965","$68,234","$76,368"
Medical Equipment Repairers,49-9062,30.00,$21.42,$30.21,$34.59,"$44,560","$62,823","$71,954"
"Maintenance and Repair Workers, General",49-9071,"1,610.00",$16.67,$23.87,$27.47,"$34,659","$49,650","$57,145"
Locksmiths and Safe Repairers,49-9094,20.00,$16.71,$21.54,$23.95,"$34,757","$44,792","$49,810"
"Helpers--Installation, Maintenance, and Repair Workers",49-9098,150.00,$13.54,$18.75,$21.35,"$28,173","$38,990","$44,399"
"Installation, Maintenance, and Repair Workers, All Other",49-9099,150.00,$19.67,$24.90,$27.51,"$40,913","$51,792","$57,233"
Production Occupations,51-0000,"24,240.00",$16.95,$24.41,$28.14,"$35,256","$50,773","$58,532"
Supervisors of Production Workers,51-1000,"2,570.00",$26.46,$37.81,$43.48,"$55,047","$78,643","$90,440"
First-Line Supervisors of Production and Operating Workers,51-1011,"2,570.00",$26.46,$37.81,$43.48,"$55,047","$78,643","$90,440"
Assemblers and Fabricators,51-2000,"10,000.00",$17.05,$22.10,$24.63,"$35,475","$45,975","$51,225"
"Aircraft Structure, Surfaces, Rigging, and Systems Assemblers",51-2011,240.00,$25.15,$32.51,$36.21,"$52,311","$67,635","$75,298"
"Electrical, electronic, and electromechanical assemblers, except coil winders, tapers, and finishers",51-2028,770.00,$15.60,$20.64,$23.17,"$32,455","$42,944","$48,189"
Miscellaneous Assemblers and Fabricators,51-2090,"7,380.00",$16.68,$21.02,$23.19,"$34,689","$43,721","$48,238"
Food Processing Workers,51-3000,460.00,$13.02,$18.33,$20.99,"$27,078","$38,125","$43,649"
Bakers,51-3011,210.00,$11.47,$16.48,$18.98,"$23,871","$34,278","$39,482"
Butchers and Meat Cutters,51-3021,170.00,$15.34,$20.23,$22.67,"$31,912","$42,073","$47,153"
"Meat, Poultry, and Fish Cutters and Trimmers",51-3022,40.00,$15.46,$18.87,$20.58,"$32,158","$39,259","$42,810"
"Food Processing Workers, All Other",51-3099,30.00,$17.60,$18.61,$19.11,"$36,610","$38,704","$39,750"
Metal Workers and Plastic Workers,51-4000,"4,930.00",$17.41,$24.29,$27.74,"$36,219","$50,540","$57,701"
"Rolling Machine Setters, Operators, and Tenders, Metal and Plastic",51-4023,90.00,$19.81,$26.56,$29.93,"$41,207","$55,231","$62,242"
"Cutting, Punching, and Press Machine Setters, Operators, and Tenders, Metal and Plastic",51-4031,520.00,$16.40,$21.64,$24.27,"$34,104","$45,019","$50,476"
"Grinding, Lapping, Polishing, and Buffing Machine Tool Setters, Operators, and Tenders, Metal and Plastic",51-4033,130.00,$16.94,$24.39,$28.12,"$35,226","$50,731","$58,483"
Machinists,51-4041,840.00,$21.96,$31.38,$36.08,"$45,662","$65,258","$75,056"
Metal-Refining Furnace Operators and Tenders,51-4051,120.00,$22.18,$27.93,$30.81,"$46,117","$58,102","$64,095"
"Molding, Coremaking, and Casting Machine Setters, Operators, and Tenders, Metal and Plastic",51-4072,660.00,$16.28,$20.87,$23.17,"$33,864","$43,414","$48,188"
Tool and Die Makers,51-4111,110.00,$29.12,$34.36,$36.98,"$60,580","$71,473","$76,920"
"Welders, Cutters, Solderers, and Brazers",51-4121,"1,940.00",$17.72,$22.61,$25.06,"$36,855","$47,035","$52,125"
"Welding, Soldering, and Brazing Machine Setters, Operators, and Tenders",51-4122,200.00,$16.38,$23.53,$27.11,"$34,066","$48,949","$56,392"
"Plating Machine Setters, Operators, and Tenders, Metal and Plastic",51-4193,30.00,$18.61,$20.39,$21.28,"$38,701","$42,407","$44,261"
Printing Workers,51-5100,130.00,$14.30,$20.58,$23.72,"$29,746","$42,813","$49,346"
Printing Press Operators,51-5112,120.00,$14.27,$20.74,$23.96,"$29,686","$43,124","$49,842"
"Textile, Apparel, and Furnishings Workers",51-6000,680.00,$13.01,$16.65,$18.46,"$27,045","$34,622","$38,412"
Laundry and Dry-Cleaning Workers,51-6011,320.00,$13.39,$15.72,$16.88,"$27,852","$32,694","$35,115"
"Pressers, Textile, Garment, and Related Materials",51-6021,40.00,$11.46,$14.34,$15.78,"$23,847","$29,829","$32,821"
Sewing Machine Operators,51-6031,260.00,$12.69,$17.13,$19.34,"$26,404","$35,622","$40,231"
Woodworkers,51-7000,190.00,$16.56,$21.26,$23.59,"$34,457","$44,208","$49,085"
Cabinetmakers and Bench Carpenters,51-7011,100.00,$16.91,$21.68,$24.06,"$35,161","$45,088","$50,052"
Plant and System Operators,51-8000,260.00,$19.40,$30.40,$35.90,"$40,348","$63,233","$74,676"
Water and Wastewater Treatment Plant and System Operators,51-8031,240.00,$19.30,$30.05,$35.42,"$40,130","$62,497","$73,680"
Other Production Occupations,51-9000,"5,010.00",$16.75,$23.77,$27.28,"$34,853","$49,443","$56,737"
Chemical Equipment Operators and Tenders,51-9011,170.00,$18.95,$26.37,$30.07,"$39,421","$54,847","$62,560"
"Separating, Filtering, Clarifying, Precipitating, and Still Machine Setters, Operators, and Tenders",51-9012,30.00,$15.80,$20.57,$22.96,"$32,872","$42,795","$47,756"
"Mixing and Blending Machine Setters, Operators, and Tenders",51-9023,100.00,$20.41,$25.44,$27.95,"$42,470","$52,916","$58,139"
"Cutting and Slicing Machine Setters, Operators, and Tenders",51-9032,30.00,$16.12,$20.51,$22.70,"$33,522","$42,654","$47,221"
"Inspectors, Testers, Sorters, Samplers, and Weighers",51-9061,"1,790.00",$17.58,$24.93,$28.61,"$36,550","$51,857","$59,512"
Dental Laboratory Technicians,51-9081,400.00,$16.42,$21.63,$24.24,"$34,156","$45,000","$50,422"
Packaging and Filling Machine Operators and Tenders,51-9111,120.00,$15.20,$19.39,$21.49,"$31,610","$40,331","$44,691"
"Coating, Painting, and Spraying Machine Setters, Operators, and Tenders",51-9124,600.00,$17.71,$21.81,$23.86,"$36,848","$45,365","$49,624"
Computer Numerically Controlled Tool Operators,51-9161,480.00,$21.90,$31.96,$36.99,"$45,554","$66,469","$76,927"
Computer Numerically Controlled Tool Programmers,51-9162,,$28.15,$34.26,$37.30,"$58,564","$71,245","$77,585"
Adhesive Bonding Machine Operators and Tenders,51-9191,20.00,$9.18,$15.02,$17.94,"$19,100","$31,240","$37,309"
"Molders, Shapers, and Casters, Except Metal and Plastic",51-9195,,$17.28,$19.01,$19.86,"$35,956","$39,525","$41,310"
Helpers--Production Workers,51-9198,440.00,$13.79,$16.96,$18.55,"$28,675","$35,269","$38,566"
"Production Workers, All Other",51-9199,80.00,$16.09,$21.11,$23.62,"$33,479","$43,906","$49,120"
Transportation and Material Moving Occupations,53-0000,"20,370.00",$13.80,$21.24,$24.95,"$28,713","$44,162","$51,887"
Supervisors of Transportation and Material Moving Workers,53-1000,"1,110.00",$20.82,$31.46,$36.79,"$43,310","$65,448","$76,517"
"First-Line Supervisors of Transportation and Material-Moving Workers, Except Aircraft Cargo Handling Supervisors",53-1047,"1,110.00",$20.82,$31.46,$36.79,"$43,310","$65,448","$76,517"
Air Transportation Workers,53-2000,180.00,,,,"$71,769","$111,153","$130,845"
"Airline Pilots, Copilots, and Flight Engineers",53-2011,30.00,,,,"$133,036","$162,615","$177,404"
Commercial Pilots,53-2012,80.00,,,,"$64,319","$97,656","$114,325"
Motor Vehicle Operators,53-3000,"6,350.00",$12.31,$22.61,$27.76,"$25,605","$47,031","$57,744"
Driver/Sales Workers,53-3031,570.00,$10.23,$17.76,$21.54,"$21,273","$36,953","$44,792"
Heavy and Tractor-Trailer Truck Drivers,53-3032,"2,700.00",$20.39,$28.24,$32.17,"$42,407","$58,746","$66,916"
Light Truck Drivers,53-3033,"1,700.00",$15.93,$23.58,$27.40,"$33,140","$49,044","$56,997"
"Bus Drivers, School",53-3051,"1,080.00",$8.86,$10.93,$11.96,"$18,426","$22,727","$24,878"
"Bus Drivers, Transit and Intercity",53-3052,110.00,$18.53,$20.76,$21.88,"$38,524","$43,185","$45,515"
Shuttle Drivers and Chauffeurs,53-3053,160.00,$12.29,$15.96,$17.80,"$25,557","$33,203","$37,027"
Other Transportation Workers,53-6000,400.00,$12.77,$16.91,$18.97,"$26,570","$35,166","$39,464"
Parking Attendants,53-6021,100.00,$10.83,$14.18,$15.86,"$22,535","$29,499","$32,981"
Automotive and Watercraft Service Attendants,53-6031,230.00,$13.16,$15.86,$17.20,"$27,359","$32,977","$35,786"
Traffic Technicians,53-6041,20.00,$21.64,$26.87,$29.48,"$45,009","$55,881","$61,317"
Material Moving Workers,53-7000,"12,330.00",$14.46,$19.27,$21.67,"$30,072","$40,079","$45,083"
Crane and Tower Operators,53-7021,40.00,$19.18,$24.98,$27.88,"$39,903","$51,954","$57,979"
Industrial Truck and Tractor Operators,53-7051,"1,190.00",$18.09,$22.99,$25.44,"$37,617","$47,819","$52,921"
Cleaners of Vehicles and Equipment,53-7061,820.00,$12.30,$15.99,$17.83,"$25,599","$33,257","$37,086"
"Laborers and Freight, Stock, and Material Movers, Hand",53-7062,"4,370.00",$15.21,$19.85,$22.17,"$31,642","$41,293","$46,119"
Machine Feeders and Offbearers,53-7063,60.00,$13.10,$19.06,$22.04,"$27,252","$39,638","$45,832"
"Packers and Packagers, Hand",53-7064,610.00,$12.47,$15.94,$17.68,"$25,943","$33,160","$36,769"
Stockers and Order Fillers,53-7065,"5,010.00",$14.86,$18.47,$20.28,"$30,909","$38,425","$42,183"
Refuse and Recyclable Material Collectors,53-7081,180.00,$19.22,$25.52,$28.67,"$39,985","$53,078","$59,624"